Nombre,Dirección,Semestre,Edad
Samantha Duval Varela,01000|San �ngel|Colonia|�lvaro Obreg�n|Ciudad de M�xico|Ciudad de M�xico|01001|09|01001||09|010|0001|Urbano|01,5,21
Alison Arias Briseño,01010|Los Alpes|Colonia|�lvaro Obreg�n|Ciudad de M�xico|Ciudad de M�xico|01001|09|01001||09|010|0005|Urbano|01,5,24
Angel Atonal Domínguez,01020|Guadalupe Inn|Colonia|�lvaro Obreg�n|Ciudad de M�xico|Ciudad de M�xico|01001|09|01001||09|010|0006|Urbano|01,10,41
Adrian Calleja Monroy,01030|Axotla|Pueblo|�lvaro Obreg�n|Ciudad de M�xico|Ciudad de M�xico|01001|09|01001||28|010|0009|Urbano|01,9,35
Braulio Estrada Escalante,01030|Florida|Colonia|�lvaro Obreg�n|Ciudad de M�xico|Ciudad de M�xico|01001|09|01001||09|010|0010|Urbano|01,10,23
Dayana Díaz Dayana,01040|Campestre|Colonia|�lvaro Obreg�n|Ciudad de M�xico|Ciudad de M�xico|01001|09|01001||09|010|0012|Urbano|01,9,40
Yamina Ramos Vargas,01049|Tlacopac|Pueblo|�lvaro Obreg�n|Ciudad de M�xico|Ciudad de M�xico|01001|09|01001||28|010|0014|Urbano|01,10,20
Carmen Atonal Urbina,01050|Ex-Hacienda de Guadalupe Chimalistac|Colonia|�lvaro Obreg�n|Ciudad de M�xico|Ciudad de M�xico|01001|09|01001||09|010|0016|Urbano|01,8,19
Alondra Vargas Valencia,01060|Altavista|Colonia|�lvaro Obreg�n|Ciudad de M�xico|Ciudad de M�xico|01001|09|01001||09|010|0017|Urbano|01,9,38
Ramon Pardo Castilla,01060|San �ngel Inn|Colonia|�lvaro Obreg�n|Ciudad de M�xico|Ciudad de M�xico|01001|09|01001||09|010|0018|Urbano|01,9,30
Angel Castilla Domínguez,01070|Chimalistac|Colonia|�lvaro Obreg�n|Ciudad de M�xico|Ciudad de M�xico|01001|09|01001||09|010|0019|Urbano|01,7,34
Adrian Arellano Álvarez,01080|Progreso Tizapan|Colonia|�lvaro Obreg�n|Ciudad de M�xico|Ciudad de M�xico|01001|09|01001||09|010|0022|Urbano|01,4,44
Olivia Dayana Ramos,01089|Ermita Tizapan|Colonia|�lvaro Obreg�n|Ciudad de M�xico|Ciudad de M�xico|01001|09|01001||09|010|0024|Urbano|01,6,32
Rita Morales Huerta,01090|La Otra Banda|Barrio|�lvaro Obreg�n|Ciudad de M�xico|Ciudad de M�xico|01001|09|01001||02|010|0025|Urbano|01,5,41
Ramon Pascual Vargas,01090|Loreto|Barrio|�lvaro Obreg�n|Ciudad de M�xico|Ciudad de M�xico|01001|09|01001||02|010|0026|Urbano|01,5,43
Elizabeth Tapia Vega,01090|Tizapan|Pueblo|�lvaro Obreg�n|Ciudad de M�xico|Ciudad de M�xico|01001|09|01001||28|010|0028|Urbano|01,8,20
Andres Estrada Ávalos,01100|P�lvora|Colonia|�lvaro Obreg�n|Ciudad de M�xico|Ciudad de M�xico|01131|09|01131||09|010|0031|Urbano|01,9,32
David Suarez De La Rosa,01109|La Conchita|Colonia|�lvaro Obreg�n|Ciudad de M�xico|Ciudad de M�xico|01131|09|01131||09|010|0033|Urbano|01,8,20
Olivia Gomez Eslava,01110|Bel�m de las Flores|Colonia|�lvaro Obreg�n|Ciudad de M�xico|Ciudad de M�xico|01131|09|01131||09|010|0034|Urbano|01,3,40
Adrian Duval Ballesteros,01110|El Capul�n|Colonia|�lvaro Obreg�n|Ciudad de M�xico|Ciudad de M�xico|01131|09|01131||09|010|0036|Urbano|01,10,37
Angel Escalante Eslava,01110|Ampliaci�n El Capul�n|Colonia|�lvaro Obreg�n|Ciudad de M�xico|Ciudad de M�xico|01131|09|01131||09|010|0037|Urbano|01,8,37
Mauricio Hernandez Vega,01110|Liberales de 1857|Colonia|�lvaro Obreg�n|Ciudad de M�xico|Ciudad de M�xico|01131|09|01131||09|010|0039|Urbano|01,4,38
Samantha Ramos Arellano,01120|Acueducto|Colonia|�lvaro Obreg�n|Ciudad de M�xico|Ciudad de M�xico|01131|09|01131||09|010|0042|Urbano|01,5,28
Emiliano Ávalos Pardo,01120|Cove|Colonia|�lvaro Obreg�n|Ciudad de M�xico|Ciudad de M�xico|01131|09|01131||09|010|0044|Urbano|01,10,30
Fausto Castilla Gonzalez,01120|Hidalgo|Colonia|�lvaro Obreg�n|Ciudad de M�xico|Ciudad de M�xico|01131|09|01131||09|010|0046|Urbano|01,4,23
Amy Franco Díaz,01120|Las Am�ricas|Colonia|�lvaro Obreg�n|Ciudad de M�xico|Ciudad de M�xico|01131|09|01131||09|010|0047|Urbano|01,8,20
Fabiola Ramos Parra,01125|Ampliaci�n Acueducto|Colonia|�lvaro Obreg�n|Ciudad de M�xico|Ciudad de M�xico|01131|09|01131||09|010|0043|Urbano|01,6,28
Andres Hernandez Calleja,01130|Para�so|Colonia|�lvaro Obreg�n|Ciudad de M�xico|Ciudad de M�xico|01131|09|01131||09|010|0052|Urbano|01,4,19
Emiliano Ochoa Soto,01130|Molino de Santo Domingo|Colonia|�lvaro Obreg�n|Ciudad de M�xico|Ciudad de M�xico|01131|09|01131||09|010|0053|Urbano|01,2,26
Fausto Garcia Ballesteros,01130|Real del Monte|Colonia|�lvaro Obreg�n|Ciudad de M�xico|Ciudad de M�xico|01131|09|01131||09|010|0056|Urbano|01,7,32
David Duval Ballesteros,01139|Reacomodo Pino Su�rez|Colonia|�lvaro Obreg�n|Ciudad de M�xico|Ciudad de M�xico|01131|09|01131||09|010|0058|Urbano|01,5,19
Olivia Vallejo Escalante,01140|Bellavista|Colonia|�lvaro Obreg�n|Ciudad de M�xico|Ciudad de M�xico|01131|09|01131||09|010|0059|Urbano|01,2,32
Joaquín Dayana Briseño,01140|Jos� Maria Pino Su�rez|Colonia|�lvaro Obreg�n|Ciudad de M�xico|Ciudad de M�xico|01131|09|01131||09|010|0060|Urbano|01,3,29
David Valencia Arreola,01150|Cristo Rey|Colonia|�lvaro Obreg�n|Ciudad de M�xico|Ciudad de M�xico|01131|09|01131||09|010|0063|Urbano|01,2,19
Emiliano Arellano Gomez,01150|Tolteca|Colonia|�lvaro Obreg�n|Ciudad de M�xico|Ciudad de M�xico|01131|09|01131||09|010|0064|Urbano|01,7,31
Rita Álvarez Macias,01160|Bosque|Colonia|�lvaro Obreg�n|Ciudad de M�xico|Ciudad de M�xico|01131|09|01131||09|010|0066|Urbano|01,2,27
Berenice Yamamoto Urbina,01160|Isidro Fabela|Colonia|�lvaro Obreg�n|Ciudad de M�xico|Ciudad de M�xico|01131|09|01131||09|010|0067|Urbano|01,3,26
Emily Sosa Soto,01160|Maria G. de Garc�a Ruiz|Colonia|�lvaro Obreg�n|Ciudad de M�xico|Ciudad de M�xico|01131|09|01131||09|010|0068|Urbano|01,4,29
Mía Briseño Domínguez,01160|1a Victoria|Colonia|�lvaro Obreg�n|Ciudad de M�xico|Ciudad de M�xico|01131|09|01131||09|010|0069|Urbano|01,3,39
Dana Martinez Hernandez,01170|Abraham M. Gonz�lez|Colonia|�lvaro Obreg�n|Ciudad de M�xico|Ciudad de M�xico|01131|09|01131||09|010|0074|Urbano|01,11,27
Caridad Gonzalez Hernandez,01180|Carola|Colonia|�lvaro Obreg�n|Ciudad de M�xico|Ciudad de M�xico|01131|09|01131||09|010|0076|Urbano|01,6,35
Elizabeth Arreola Rivera,01180|8 de Agosto|Colonia|�lvaro Obreg�n|Ciudad de M�xico|Ciudad de M�xico|01131|09|01131||09|010|0077|Urbano|01,7,34
Olivia Atonal Valencia,01180|San Pedro de los Pinos|Colonia|�lvaro Obreg�n|Ciudad de M�xico|Ciudad de M�xico|01131|09|01131||09|010|0078|Urbano|01,6,29
Paola Dayana Durán,01200|Arturo Mart�nez|Colonia|�lvaro Obreg�n|Ciudad de M�xico|Ciudad de M�xico|01401|09|01401||09|010|0079|Urbano|01,7,41
Ian Domínguez Varela,01210|Santa Fe|Pueblo|�lvaro Obreg�n|Ciudad de M�xico|Ciudad de M�xico|01401|09|01401||28|010|0082|Urbano|01,7,19
Dayana Rivera Domínguez,01219|Lomas de Santa Fe|Colonia|�lvaro Obreg�n|Ciudad de M�xico|Ciudad de M�xico|01401|09|01401||09|010|0084|Urbano|01,4,39
Samantha Morales Domínguez,01220|La Estrella|Colonia|�lvaro Obreg�n|Ciudad de M�xico|Ciudad de M�xico|01401|09|01401||09|010|2681|Urbano|01,7,23
Pablo Durán De La Rosa,01220|Bonanza|Colonia|�lvaro Obreg�n|Ciudad de M�xico|Ciudad de M�xico|01401|09|01401||09|010|0085|Urbano|01,8,44
Omar Lazcano Durán,01220|Cuevitas|Colonia|�lvaro Obreg�n|Ciudad de M�xico|Ciudad de M�xico|01401|09|01401||09|010|0086|Urbano|01,11,20
Ramon Dayana Briseño,01220|El Cuernito|Colonia|�lvaro Obreg�n|Ciudad de M�xico|Ciudad de M�xico|01401|09|01401||09|010|0087|Urbano|01,11,20
Amy Arreola Peña,01220|M�rtires de Tacubaya|Colonia|�lvaro Obreg�n|Ciudad de M�xico|Ciudad de M�xico|01401|09|01401||09|010|0089|Urbano|01,11,43
Simon Tapia Suarez,01220|Zen�n Delgado|Colonia|�lvaro Obreg�n|Ciudad de M�xico|Ciudad de M�xico|01401|09|01401||09|010|0090|Urbano|01,9,44
Omar Eslava Parra,01230|Campo de Tiro los Gamitos|Colonia|�lvaro Obreg�n|Ciudad de M�xico|Ciudad de M�xico|01401|09|01401||09|010|0092|Urbano|01,10,42
Lalo Torres Martinez,01230|Los Gamitos|Colonia|�lvaro Obreg�n|Ciudad de M�xico|Ciudad de M�xico|01401|09|01401||09|010|0097|Urbano|01,5,43
Andres Valencia Parra,01230|Tlapechico|Colonia|�lvaro Obreg�n|Ciudad de M�xico|Ciudad de M�xico|01401|09|01401||09|010|0098|Urbano|01,10,25
María Iglesias Lazcano,01230|El Piru Santa Fe|Colonia|�lvaro Obreg�n|Ciudad de M�xico|Ciudad de M�xico|01401|09|01401||09|010|0132|Urbano|01,2,32
Isabela Ballesteros Monroy,01230|El Piru 2a Ampliaci�n|Colonia|�lvaro Obreg�n|Ciudad de M�xico|Ciudad de M�xico|01401|09|01401||09|010|0224|Urbano|01,10,31
Rita Calleja Parra,01239|La Huerta|Colonia|�lvaro Obreg�n|Ciudad de M�xico|Ciudad de M�xico|01401|09|01401||09|010|0102|Urbano|01,2,24
Emir Peña Lopez,01240|Pueblo Nuevo|Colonia|�lvaro Obreg�n|Ciudad de M�xico|Ciudad de M�xico|01401|09|01401||09|010|0103|Urbano|01,8,20
Daniel Varela Calleja,01250|El �rbol|Colonia|�lvaro Obreg�n|Ciudad de M�xico|Ciudad de M�xico|01401|09|01401||09|010|0104|Urbano|01,3,20
Berenice Martinez Gomez,01250|Ladera|Colonia|�lvaro Obreg�n|Ciudad de M�xico|Ciudad de M�xico|01401|09|01401||09|010|0105|Urbano|01,5,34
Braulio Díaz Durán,01250|Lomas de Nuevo M�xico|Colonia|�lvaro Obreg�n|Ciudad de M�xico|Ciudad de M�xico|01401|09|01401||09|010|0106|Urbano|01,8,28
Emily Vega Rangel,01250|Margarita Maza de Ju�rez|Colonia|�lvaro Obreg�n|Ciudad de M�xico|Ciudad de M�xico|01401|09|01401||09|010|0107|Urbano|01,10,30
Alison Soto Garcia,01250|Tecolalco|Colonia|�lvaro Obreg�n|Ciudad de M�xico|Ciudad de M�xico|01401|09|01401||09|010|0108|Urbano|01,7,27
Gabriela Ochoa Eslava,01259|Ampliaci�n La Cebada|Colonia|�lvaro Obreg�n|Ciudad de M�xico|Ciudad de M�xico|01401|09|01401||09|010|0109|Urbano|01,11,42
Adrian Briseño Gonzalez,01259|La Mexicana 2a Ampliaci�n|Colonia|�lvaro Obreg�n|Ciudad de M�xico|Ciudad de M�xico|01401|09|01401||09|010|2845|Urbano|01,2,36
Mauricio Duval Varela,01260|Calzada Jalalpa|Colonia|�lvaro Obreg�n|Ciudad de M�xico|Ciudad de M�xico|01401|09|01401||09|010|0110|Urbano|01,9,42
Pablo Ochoa Sosa,01260|La Mexicana|Colonia|�lvaro Obreg�n|Ciudad de M�xico|Ciudad de M�xico|01401|09|01401||09|010|0112|Urbano|01,7,21
Caridad Díaz Urbina,01260|Ampliaci�n La Mexicana|Colonia|�lvaro Obreg�n|Ciudad de M�xico|Ciudad de M�xico|01401|09|01401||09|010|0113|Urbano|01,5,22
Elizabeth Martinez De La Rosa,01260|La Palmita|Colonia|�lvaro Obreg�n|Ciudad de M�xico|Ciudad de M�xico|01401|09|01401||09|010|0114|Urbano|01,10,19
Pablo Martinez Castilla,01260|Liberaci�n Proletaria|Colonia|�lvaro Obreg�n|Ciudad de M�xico|Ciudad de M�xico|01401|09|01401||09|010|0115|Urbano|01,8,41
Emir Gonzalez Báez,01269|1a Secci�n Ca�ada|Colonia|�lvaro Obreg�n|Ciudad de M�xico|Ciudad de M�xico|01401|09|01401||09|010|0117|Urbano|01,5,35
Berenice Flores Rangel,01269|2a Secci�n Ca�ada|Colonia|�lvaro Obreg�n|Ciudad de M�xico|Ciudad de M�xico|01401|09|01401||09|010|0118|Urbano|01,5,23
Charlie Vargas Monroy,01270|El Tejocote|Colonia|�lvaro Obreg�n|Ciudad de M�xico|Ciudad de M�xico|01401|09|01401||09|010|0120|Urbano|01,3,33
Paola Báez Yamamoto,01270|La Presa|Colonia|�lvaro Obreg�n|Ciudad de M�xico|Ciudad de M�xico|01401|09|01401||09|010|0121|Urbano|01,8,22
Mauricio Domínguez Díaz,01270|Golondrinas|Colonia|�lvaro Obreg�n|Ciudad de M�xico|Ciudad de M�xico|01401|09|01401||09|010|0123|Urbano|01,9,31
Alondra Ávalos Cabello,01270|Golondrinas 1a Secci�n|Colonia|�lvaro Obreg�n|Ciudad de M�xico|Ciudad de M�xico|01401|09|01401||09|010|0124|Urbano|01,4,34
Joaquín Lopez Yamamoto,01270|Golondrinas 2a Secci�n|Colonia|�lvaro Obreg�n|Ciudad de M�xico|Ciudad de M�xico|01401|09|01401||09|010|0125|Urbano|01,9,20
Joaquín Dayana Suarez,01270|Lomas de Capula|Colonia|�lvaro Obreg�n|Ciudad de M�xico|Ciudad de M�xico|01401|09|01401||09|010|0127|Urbano|01,3,43
Romina Duval Parra,01275|Villa Solidaridad|Colonia|�lvaro Obreg�n|Ciudad de M�xico|Ciudad de M�xico|01401|09|01401||09|010|0131|Urbano|01,10,24
Olivia Espinosa Báez,01276|El Pirul|Colonia|�lvaro Obreg�n|Ciudad de M�xico|Ciudad de M�xico|01401|09|01401||09|010|0093|Urbano|01,10,34
Samantha Lopez Díaz,01278|Desarrollo Urbano|Colonia|�lvaro Obreg�n|Ciudad de M�xico|Ciudad de M�xico|01401|09|01401||09|010|0133|Urbano|01,7,19
Carlos Espinosa Vargas,01279|Lomas de Becerra|Colonia|�lvaro Obreg�n|Ciudad de M�xico|Ciudad de M�xico|01401|09|01401||09|010|0136|Urbano|01,3,44
Brenda Gonzalez Franco,01280|Arvide|Colonia|�lvaro Obreg�n|Ciudad de M�xico|Ciudad de M�xico|01401|09|01401||09|010|0138|Urbano|01,10,39
Susana Estrada Baena,01280|El Pocito|Colonia|�lvaro Obreg�n|Ciudad de M�xico|Ciudad de M�xico|01401|09|01401||09|010|0139|Urbano|01,6,24
Carlos Garcia Urbina,01280|Francisco Villa|Colonia|�lvaro Obreg�n|Ciudad de M�xico|Ciudad de M�xico|01401|09|01401||09|010|0140|Urbano|01,5,31
Mauricio Flores Ávalos,01280|La Joya|Colonia|�lvaro Obreg�n|Ciudad de M�xico|Ciudad de M�xico|01401|09|01401||09|010|0141|Urbano|01,7,24
Hugo Tapia Monroy,01285|El Rodeo|Colonia|�lvaro Obreg�n|Ciudad de M�xico|Ciudad de M�xico|01401|09|01401||09|010|0144|Urbano|01,3,19
Elizabeth Arreola Suarez,01289|Reacomodo El Cuernito|Colonia|�lvaro Obreg�n|Ciudad de M�xico|Ciudad de M�xico|01401|09|01401||09|010|0146|Urbano|01,8,26
Charlie De La Rosa Rangel,01290|Piloto Adolfo L�pez Mateos|Colonia|�lvaro Obreg�n|Ciudad de M�xico|Ciudad de M�xico|01401|09|01401||09|010|0147|Urbano|01,5,36
Fausto Baena Lopez,01290|Presidentes|Colonia|�lvaro Obreg�n|Ciudad de M�xico|Ciudad de M�xico|01401|09|01401||09|010|0148|Urbano|01,9,44
Daniel Briseño Espinosa,01296|Jalalpa Tepito 2a Ampliaci�n|Colonia|�lvaro Obreg�n|Ciudad de M�xico|Ciudad de M�xico|01401|09|01401||09|010|0152|Urbano|01,10,21
Hugo Báez Urbina,01296|Ampliaci�n Jalalpa|Colonia|�lvaro Obreg�n|Ciudad de M�xico|Ciudad de M�xico|01401|09|01401||09|010|0153|Urbano|01,4,30
Carlos Gomez Eslava,01296|Jalalpa Tepito|Colonia|�lvaro Obreg�n|Ciudad de M�xico|Ciudad de M�xico|01401|09|01401||09|010|0154|Urbano|01,3,29
Braulio Lopez Briseño,01298|Ampliaci�n Piloto Adolfo L�pez Mateos|Colonia|�lvaro Obreg�n|Ciudad de M�xico|Ciudad de M�xico|01401|09|01401||09|010|0156|Urbano|01,7,33
Mía Gomez Ramos,01299|1a Ampliaci�n Presidentes|Colonia|�lvaro Obreg�n|Ciudad de M�xico|Ciudad de M�xico|01401|09|01401||09|010|0160|Urbano|01,9,32
Brayan De La Rosa Arellano,01299|2a Ampliaci�n Presidentes|Colonia|�lvaro Obreg�n|Ciudad de M�xico|Ciudad de M�xico|01401|09|01401||09|010|0161|Urbano|01,4,36
Fausto Estrada Lopez,01310|San Gabriel|Colonia|�lvaro Obreg�n|Ciudad de M�xico|Ciudad de M�xico|01401|09|01401||09|010|0163|Urbano|01,10,21
Caridad Soto Pardo,01320|Carlos A. Madrazo|Colonia|�lvaro Obreg�n|Ciudad de M�xico|Ciudad de M�xico|01401|09|01401||09|010|0164|Urbano|01,6,37
Olivia Iglesias Peña,01330|Paseo de las Lomas|Colonia|�lvaro Obreg�n|Ciudad de M�xico|Ciudad de M�xico|01401|09|01401||09|010|0168|Urbano|01,6,41
Charlie Pascual Ballesteros,01340|Bejero del Pueblo Santa Fe|Colonia|�lvaro Obreg�n|Ciudad de M�xico|Ciudad de M�xico|01401|09|01401||09|010|0170|Urbano|01,9,36
Charlie Arreola Iglesias,01376|Santa Fe|Colonia|�lvaro Obreg�n|Ciudad de M�xico|Ciudad de M�xico|01401|09|01401||09|010|0171|Urbano|01,7,44
Diana Garcia Duval,01376|Santa Fe Pe�a Blanca|Colonia|�lvaro Obreg�n|Ciudad de M�xico|Ciudad de M�xico|01401|09|01401||09|010|2682|Urbano|01,9,30
Alondra Escalante Arellano,01376|Santa Fe La Loma|Colonia|�lvaro Obreg�n|Ciudad de M�xico|Ciudad de M�xico|01401|09|01401||09|010|2683|Urbano|01,5,41
Rita Domínguez Ávalos,01376|Santa Fe Centro Ciudad|Colonia|�lvaro Obreg�n|Ciudad de M�xico|Ciudad de M�xico|01401|09|01401||09|010|2864|Urbano|01,11,30
Charlie Ramos Lazcano,01377|Jalalpa El Grande|Colonia|�lvaro Obreg�n|Ciudad de M�xico|Ciudad de M�xico|01401|09|01401||09|010|0172|Urbano|01,9,26
Gabriela Hernandez Ochoa,01389|Santa Fe Tlayapaca|Colonia|�lvaro Obreg�n|Ciudad de M�xico|Ciudad de M�xico|01401|09|01401||09|010|0176|Urbano|01,6,42
Dayana Duval Estrada,01400|Olivar del Conde 1a Secci�n|Colonia|�lvaro Obreg�n|Ciudad de M�xico|Ciudad de M�xico|01401|09|01401||09|010|0181|Urbano|01,8,22
Carlos Eslava Urbina,01400|Preconcreto|Colonia|�lvaro Obreg�n|Ciudad de M�xico|Ciudad de M�xico|01401|09|01401||09|010|0184|Urbano|01,6,26
Dayana Calderón Gomez,01407|Galeana|Colonia|�lvaro Obreg�n|Ciudad de M�xico|Ciudad de M�xico|01401|09|01401||09|010|0187|Urbano|01,10,28
Yamina Castilla Hernandez,01408|Olivar del Conde 2a Secci�n|Colonia|�lvaro Obreg�n|Ciudad de M�xico|Ciudad de M�xico|01401|09|01401||09|010|0188|Urbano|01,10,41
Ramon Calderón Torres,01410|Barrio Norte|Colonia|�lvaro Obreg�n|Ciudad de M�xico|Ciudad de M�xico|01401|09|01401||09|010|0193|Urbano|01,8,42
Alison Morales Soto,01410|Palmas|Colonia|�lvaro Obreg�n|Ciudad de M�xico|Ciudad de M�xico|01401|09|01401||09|010|0194|Urbano|01,5,19
Hugo Álvarez Briseño,01419|Minas Cristo Rey|Colonia|�lvaro Obreg�n|Ciudad de M�xico|Ciudad de M�xico|01401|09|01401||09|010|0195|Urbano|01,10,22
Carmen Varela Álvarez,01420|Sacramento|Colonia|�lvaro Obreg�n|Ciudad de M�xico|Ciudad de M�xico|01401|09|01401||09|010|0196|Urbano|01,2,20
Elizabeth Martinez Ballesteros,01420|Santa Mar�a Nonoalco|Barrio|�lvaro Obreg�n|Ciudad de M�xico|Ciudad de M�xico|01401|09|01401||02|010|0197|Urbano|01,10,42
Isabela Garcia Iglesias,01430|Colina del Sur|Colonia|�lvaro Obreg�n|Ciudad de M�xico|Ciudad de M�xico|01401|09|01401||09|010|0198|Urbano|01,11,41
Ramon Parra Eslava,01450|Hogar y Redenci�n|Colonia|�lvaro Obreg�n|Ciudad de M�xico|Ciudad de M�xico|01401|09|01401||09|010|0202|Urbano|01,8,44
Ramon Monroy Ballesteros,01460|Alfonso XIII|Colonia|�lvaro Obreg�n|Ciudad de M�xico|Ciudad de M�xico|01401|09|01401||09|010|0204|Urbano|01,5,18
Brenda Torres Iglesias,01470|Alfalfar|Barrio|�lvaro Obreg�n|Ciudad de M�xico|Ciudad de M�xico|01401|09|01401||02|010|0206|Urbano|01,5,24
Fabiola Domínguez Vega,01470|Molino de Rosas|Colonia|�lvaro Obreg�n|Ciudad de M�xico|Ciudad de M�xico|01401|09|01401||09|010|0207|Urbano|01,6,36
Brayan Ochoa Sosa,01480|Lomas de Plateros|Colonia|�lvaro Obreg�n|Ciudad de M�xico|Ciudad de M�xico|01401|09|01401||09|010|0209|Urbano|01,11,35
Fabiola Vargas Yamamoto,01490|La Cascada|Colonia|�lvaro Obreg�n|Ciudad de M�xico|Ciudad de M�xico|01401|09|01401||09|010|0211|Urbano|01,4,38
Gabriela Castilla Flores,01500|Santa Luc�a|Pueblo|�lvaro Obreg�n|Ciudad de M�xico|Ciudad de M�xico|01401|09|01401||28|010|0213|Urbano|01,10,32
Carmen Cabello Baena,01500|Miguel Gaona Armenta|Colonia|�lvaro Obreg�n|Ciudad de M�xico|Ciudad de M�xico|01401|09|01401||09|010|2704|Urbano|01,10,32
Gabriela Escalante Arias,01509|Santa Luc�a Chantepec|Pueblo|�lvaro Obreg�n|Ciudad de M�xico|Ciudad de M�xico|01401|09|01401||28|010|0221|Urbano|01,11,38
Fausto Durán Sosa,01510|Garcimarrero|Colonia|�lvaro Obreg�n|Ciudad de M�xico|Ciudad de M�xico|01401|09|01401||09|010|0222|Urbano|01,8,19
Yamina Eslava Franco,01510|La Ara�a|Colonia|�lvaro Obreg�n|Ciudad de M�xico|Ciudad de M�xico|01401|09|01401||09|010|0223|Urbano|01,5,43
Paulina Parra Arellano,01510|Los Cedros|Colonia|�lvaro Obreg�n|Ciudad de M�xico|Ciudad de M�xico|01401|09|01401||09|010|2636|Urbano|01,4,21
Romina Escalante Garcia,01520|Ampliaci�n Los Pirules|Colonia|�lvaro Obreg�n|Ciudad de M�xico|Ciudad de M�xico|01401|09|01401||09|010|0094|Urbano|01,10,29
Isabela Garcia Duval,01520|Estado de Hidalgo|Colonia|�lvaro Obreg�n|Ciudad de M�xico|Ciudad de M�xico|01401|09|01401||09|010|0225|Urbano|01,9,25
Joaquín Hernandez Arias,01520|Ampliaci�n Estado de Hidalgo|Colonia|�lvaro Obreg�n|Ciudad de M�xico|Ciudad de M�xico|01401|09|01401||09|010|0226|Urbano|01,2,20
Yamina Vallejo Calderón,01520|Piru Santa Luc�a|Colonia|�lvaro Obreg�n|Ciudad de M�xico|Ciudad de M�xico|01401|09|01401||09|010|0227|Urbano|01,8,28
Paulina Domínguez Sosa,01520|El Politoco|Colonia|�lvaro Obreg�n|Ciudad de M�xico|Ciudad de M�xico|01401|09|01401||09|010|2841|Urbano|01,8,20
Carmen Peña Tapia,01530|Corpus Christy|Colonia|�lvaro Obreg�n|Ciudad de M�xico|Ciudad de M�xico|01401|09|01401||09|010|0229|Urbano|01,7,20
Romina Atonal Martinez,01538|Tepopotla|Colonia|�lvaro Obreg�n|Ciudad de M�xico|Ciudad de M�xico|01401|09|01401||09|010|0232|Urbano|01,9,18
David Arellano Macias,01539|Acuilotla|Colonia|�lvaro Obreg�n|Ciudad de M�xico|Ciudad de M�xico|01401|09|01401||09|010|0233|Urbano|01,9,42
Emiliano Baena Macias,01539|Cooperativa Uni�n Olivos|Colonia|�lvaro Obreg�n|Ciudad de M�xico|Ciudad de M�xico|01401|09|01401||09|010|2643|Urbano|01,9,44
María Pascual De La Rosa,01540|Balcones de Cehuayo|Colonia|�lvaro Obreg�n|Ciudad de M�xico|Ciudad de M�xico|01401|09|01401||09|010|0238|Urbano|01,2,40
Pablo Estrada Calderón,01540|Cehuaya|Colonia|�lvaro Obreg�n|Ciudad de M�xico|Ciudad de M�xico|01401|09|01401||09|010|0239|Urbano|01,2,23
Fabiola Garcia Arellano,01540|Llano Redondo|Colonia|�lvaro Obreg�n|Ciudad de M�xico|Ciudad de M�xico|01401|09|01401||09|010|0240|Urbano|01,6,27
David Macias Arreola,01540|Punta de Cehuaya|Colonia|�lvaro Obreg�n|Ciudad de M�xico|Ciudad de M�xico|01401|09|01401||09|010|0241|Urbano|01,2,30
Andres Vargas Dayana,01548|Villa Progresista|Colonia|�lvaro Obreg�n|Ciudad de M�xico|Ciudad de M�xico|01401|09|01401||09|010|2638|Urbano|01,4,34
Omar Vallejo Dayana,01549|Dos R�os del Pueblo Santa Luc�a|Colonia|�lvaro Obreg�n|Ciudad de M�xico|Ciudad de M�xico|01401|09|01401||09|010|0243|Urbano|01,7,19
Paola Atonal Flores,01550|Tepeaca|Colonia|�lvaro Obreg�n|Ciudad de M�xico|Ciudad de M�xico|01401|09|01401||09|010|0245|Urbano|01,8,40
Rita Macias Gonzalez,01550|Ampliaci�n Tepeaca|Colonia|�lvaro Obreg�n|Ciudad de M�xico|Ciudad de M�xico|01401|09|01401||09|010|0246|Urbano|01,10,19
Brenda Huerta Cabello,01550|Rinconada Las Cuevitas|Colonia|�lvaro Obreg�n|Ciudad de M�xico|Ciudad de M�xico|01401|09|01401||09|010|2849|Urbano|01,10,33
David Urbina Vega,01560|Ave Real|Colonia|�lvaro Obreg�n|Ciudad de M�xico|Ciudad de M�xico|01401|09|01401||09|010|0248|Urbano|01,4,29
Mauricio Valencia Gonzalez,01560|Canutillo|Colonia|�lvaro Obreg�n|Ciudad de M�xico|Ciudad de M�xico|01401|09|01401||09|010|0249|Urbano|01,7,40
Berenice Flores Valencia,01560|Canutillo 3a Secci�n|Colonia|�lvaro Obreg�n|Ciudad de M�xico|Ciudad de M�xico|01401|09|01401||09|010|0250|Urbano|01,9,35
Ramon Torres Baena,01560|Canutillo 2a Secci�n|Colonia|�lvaro Obreg�n|Ciudad de M�xico|Ciudad de M�xico|01401|09|01401||09|010|0251|Urbano|01,7,21
Romina Arellano Pardo,01566|Hueytlale|Colonia|�lvaro Obreg�n|Ciudad de M�xico|Ciudad de M�xico|01401|09|01401||09|010|2747|Urbano|01,7,27
Olivia Calderón Ramos,01569|Reacomodo Valent�n G�mez Far�as|Colonia|�lvaro Obreg�n|Ciudad de M�xico|Ciudad de M�xico|01401|09|01401||09|010|0255|Urbano|01,7,44
David Hernandez Ávalos,01588|Tarango|Colonia|�lvaro Obreg�n|Ciudad de M�xico|Ciudad de M�xico|01401|09|01401||09|010|0259|Urbano|01,11,40
Diana Garcia Yamamoto,01590|El Rinc�n|Colonia|�lvaro Obreg�n|Ciudad de M�xico|Ciudad de M�xico|01401|09|01401||09|010|0261|Urbano|01,9,38
Johana Vega Ochoa,01600|Merced G�mez|Colonia|�lvaro Obreg�n|Ciudad de M�xico|Ciudad de M�xico|01401|09|01401||09|010|0263|Urbano|01,10,29
Gabriela Hernandez Peña,01610|Colinas de Tarango|Colonia|�lvaro Obreg�n|Ciudad de M�xico|Ciudad de M�xico|01401|09|01401||09|010|0265|Urbano|01,6,37
Romina Briseño Huerta,01610|Profesor J. Arturo L�pez Mart�nez|Colonia|�lvaro Obreg�n|Ciudad de M�xico|Ciudad de M�xico|01401|09|01401||09|010|2639|Urbano|01,7,19
Emily Hernandez Escalante,01618|Arcos Centenario|Colonia|�lvaro Obreg�n|Ciudad de M�xico|Ciudad de M�xico|01401|09|01401||09|010|0267|Urbano|01,4,42
Caridad Hernandez Briseño,01618|Ex-Hacienda de Tarango|Colonia|�lvaro Obreg�n|Ciudad de M�xico|Ciudad de M�xico|01401|09|01401||09|010|2745|Urbano|01,2,24
Hugo Macias Gomez,01619|La Martinica|Colonia|�lvaro Obreg�n|Ciudad de M�xico|Ciudad de M�xico|01401|09|01401||09|010|0268|Urbano|01,6,20
Emir Monroy Lopez,01619|Rinconada de Tarango|Colonia|�lvaro Obreg�n|Ciudad de M�xico|Ciudad de M�xico|01401|09|01401||09|010|0269|Urbano|01,10,27
Samantha Briseño Iglesias,01620|Lomas de Tarango|Colonia|�lvaro Obreg�n|Ciudad de M�xico|Ciudad de M�xico|01401|09|01401||09|010|0270|Urbano|01,7,37
David Franco Lazcano,01630|Lomas de Puerta Grande|Colonia|�lvaro Obreg�n|Ciudad de M�xico|Ciudad de M�xico|01401|09|01401||09|010|0271|Urbano|01,9,27
Olivia Macias Urbina,01630|Puerta Grande|Colonia|�lvaro Obreg�n|Ciudad de M�xico|Ciudad de M�xico|01401|09|01401||09|010|0273|Urbano|01,9,37
Fabiola Dayana Lopez,01630|Los Juristas|Colonia|�lvaro Obreg�n|Ciudad de M�xico|Ciudad de M�xico|01401|09|01401||09|010|2640|Urbano|01,3,26
Yamina Iglesias De La Rosa,01640|Her�n Proal|Colonia|�lvaro Obreg�n|Ciudad de M�xico|Ciudad de M�xico|01401|09|01401||09|010|0275|Urbano|01,6,32
Diana Espinosa Suarez,01645|Ponciano Arriaga|Colonia|�lvaro Obreg�n|Ciudad de M�xico|Ciudad de M�xico|01401|09|01401||09|010|0276|Urbano|01,11,41
Mauricio Ballesteros Ramos,01650|La Milagrosa|Colonia|�lvaro Obreg�n|Ciudad de M�xico|Ciudad de M�xico|01401|09|01401||09|010|0277|Urbano|01,9,28
Emily Ramos Calleja,01650|Palmas Axotitla|Colonia|�lvaro Obreg�n|Ciudad de M�xico|Ciudad de M�xico|01401|09|01401||09|010|0278|Urbano|01,3,29
Paola Peña Eslava,01650|Tlacuitlapa|Colonia|�lvaro Obreg�n|Ciudad de M�xico|Ciudad de M�xico|01401|09|01401||09|010|0279|Urbano|01,7,21
Ramon Arreola Arreola,01650|Ampliaci�n Tlacuitlapa|Colonia|�lvaro Obreg�n|Ciudad de M�xico|Ciudad de M�xico|01401|09|01401||09|010|0280|Urbano|01,10,28
Fausto Franco Domínguez,01650|2o Reacomodo Tlacuitlapa|Colonia|�lvaro Obreg�n|Ciudad de M�xico|Ciudad de M�xico|01401|09|01401||09|010|0281|Urbano|01,10,28
Rita Lazcano Vallejo,01650|El Ruedo|Colonia|�lvaro Obreg�n|Ciudad de M�xico|Ciudad de M�xico|01401|09|01401||09|010|2844|Urbano|01,10,41
Carlos Rangel Hernandez,01650|Santa Luc�a Chantepec|Colonia|�lvaro Obreg�n|Ciudad de M�xico|Ciudad de M�xico|01401|09|01401||09|010|2848|Urbano|01,10,44
Simon De La Rosa Gomez,01700|La Joyita del Pueblo Tetelpan|Colonia|�lvaro Obreg�n|Ciudad de M�xico|Ciudad de M�xico|01001|09|01001||09|010|0282|Urbano|01,9,25
David Lopez Yamamoto,01700|Ocotillos del Pueblo Tetelpan|Colonia|�lvaro Obreg�n|Ciudad de M�xico|Ciudad de M�xico|01001|09|01001||09|010|0283|Urbano|01,4,35
Fausto Durán Torres,01700|San Agust�n del Pueblo Tetelpan|Colonia|�lvaro Obreg�n|Ciudad de M�xico|Ciudad de M�xico|01001|09|01001||09|010|0284|Urbano|01,3,23
Johana De La Rosa Torres,01700|2a Del Moral del Pueblo Tetelpan|Colonia|�lvaro Obreg�n|Ciudad de M�xico|Ciudad de M�xico|01001|09|01001||09|010|0285|Urbano|01,8,23
Berenice Calderón Rivera,01700|Tecalcapa del Pueblo Tetelpan|Colonia|�lvaro Obreg�n|Ciudad de M�xico|Ciudad de M�xico|01001|09|01001||09|010|0286|Urbano|01,9,26
Olivia Monroy Urbina,01700|Tetelpan|Pueblo|�lvaro Obreg�n|Ciudad de M�xico|Ciudad de M�xico|01001|09|01001||28|010|0287|Urbano|01,10,40
Samantha Durán Ballesteros,01708|El Encino del Pueblo Tetelpan|Colonia|�lvaro Obreg�n|Ciudad de M�xico|Ciudad de M�xico|01001|09|01001||09|010|0291|Urbano|01,4,23
Elizabeth Iglesias Urbina,01708|El Mirador del Pueblo Tetelpan|Colonia|�lvaro Obreg�n|Ciudad de M�xico|Ciudad de M�xico|01001|09|01001||09|010|0292|Urbano|01,7,40
Diana Durán Atonal,01710|Las �guilas|Colonia|�lvaro Obreg�n|Ciudad de M�xico|Ciudad de M�xico|01001|09|01001||09|010|0294|Urbano|01,10,42
Carmen De La Rosa Martinez,01710|Ampliaci�n Alpes|Colonia|�lvaro Obreg�n|Ciudad de M�xico|Ciudad de M�xico|01001|09|01001||09|010|0295|Urbano|01,11,18
Lalo Flores Espinosa,01720|Lomas de Guadalupe|Colonia|�lvaro Obreg�n|Ciudad de M�xico|Ciudad de M�xico|01001|09|01001||09|010|0297|Urbano|01,4,18
Emily Varela Franco,01729|Alcantarilla|Colonia|�lvaro Obreg�n|Ciudad de M�xico|Ciudad de M�xico|01001|09|01001||09|010|0298|Urbano|01,5,41
David Gomez Lopez,01730|Lomas de las �guilas|Colonia|�lvaro Obreg�n|Ciudad de M�xico|Ciudad de M�xico|01001|09|01001||09|010|0299|Urbano|01,8,20
Alondra Torres Hernandez,01730|Puente Colorado|Colonia|�lvaro Obreg�n|Ciudad de M�xico|Ciudad de M�xico|01001|09|01001||09|010|0300|Urbano|01,9,25
Hugo Arellano Baena,01740|La Pe�ita del Pueblo Tetelpan|Colonia|�lvaro Obreg�n|Ciudad de M�xico|Ciudad de M�xico|01001|09|01001||09|010|0303|Urbano|01,7,41
María Hernandez Atonal,01740|San Clemente Norte|Colonia|�lvaro Obreg�n|Ciudad de M�xico|Ciudad de M�xico|01001|09|01001||09|010|0304|Urbano|01,2,40
Joaquín Ochoa Escalante,01740|San Clemente Sur|Colonia|�lvaro Obreg�n|Ciudad de M�xico|Ciudad de M�xico|01001|09|01001||09|010|2842|Urbano|01,7,25
Olivia Vargas Hernandez,01750|Las �guilas 1a Secci�n|Colonia|�lvaro Obreg�n|Ciudad de M�xico|Ciudad de M�xico|01001|09|01001||09|010|0305|Urbano|01,8,40
Dana Baena Domínguez,01750|Las �guilas 2o Parque|Colonia|�lvaro Obreg�n|Ciudad de M�xico|Ciudad de M�xico|01001|09|01001||09|010|0306|Urbano|01,2,39
Eduardo Lazcano Arellano,01750|Las �guilas 3er Parque|Colonia|�lvaro Obreg�n|Ciudad de M�xico|Ciudad de M�xico|01001|09|01001||09|010|0307|Urbano|01,8,20
Rita Álvarez Castilla,01759|Ampliaci�n Las �guilas|Colonia|�lvaro Obreg�n|Ciudad de M�xico|Ciudad de M�xico|01001|09|01001||09|010|0308|Urbano|01,4,41
María Durán Valencia,01760|Atlamaya|Colonia|�lvaro Obreg�n|Ciudad de M�xico|Ciudad de M�xico|01001|09|01001||09|010|0309|Urbano|01,5,38
Fausto Huerta Baena,01760|Flor de Mar�a|Colonia|�lvaro Obreg�n|Ciudad de M�xico|Ciudad de M�xico|01001|09|01001||09|010|0310|Urbano|01,6,21
Yamina Tapia Soto,01760|La Herradura del Pueblo Tetelpan|Colonia|�lvaro Obreg�n|Ciudad de M�xico|Ciudad de M�xico|01001|09|01001||09|010|0311|Urbano|01,10,40
Charlie Parra Suarez,01770|La Angostura|Colonia|�lvaro Obreg�n|Ciudad de M�xico|Ciudad de M�xico|01001|09|01001||09|010|0315|Urbano|01,9,23
Alison Calderón Vega,01770|San Jos� del Olivar|Colonia|�lvaro Obreg�n|Ciudad de M�xico|Ciudad de M�xico|01001|09|01001||09|010|0316|Urbano|01,5,22
Angel Atonal Huerta,01780|Olivar de los Padres|Colonia|�lvaro Obreg�n|Ciudad de M�xico|Ciudad de M�xico|01001|09|01001||09|010|0318|Urbano|01,9,43
Gabriela Hernandez Ballesteros,01780|Tizampampano del Pueblo Tetelpan|Colonia|�lvaro Obreg�n|Ciudad de M�xico|Ciudad de M�xico|01001|09|01001||09|010|0319|Urbano|01,10,22
María De La Rosa Vallejo,01789|Miguel Hidalgo|Colonia|�lvaro Obreg�n|Ciudad de M�xico|Ciudad de M�xico|01001|09|01001||09|010|0323|Urbano|01,9,31
Samantha Arreola Durán,01790|Lomas de los �ngeles del Pueblo Tetelpan|Colonia|�lvaro Obreg�n|Ciudad de M�xico|Ciudad de M�xico|01001|09|01001||09|010|0324|Urbano|01,6,23
Charlie Gonzalez Ballesteros,01790|Lomas de San �ngel Inn|Colonia|�lvaro Obreg�n|Ciudad de M�xico|Ciudad de M�xico|01001|09|01001||09|010|0325|Urbano|01,6,27
Eduardo Huerta Franco,01800|San Bartolo Ameyalco|Pueblo|�lvaro Obreg�n|Ciudad de M�xico|Ciudad de M�xico|01001|09|01001||28|010|0327|Urbano|01,7,39
Pablo Estrada Lopez,01807|Rancho San Francisco Pueblo San Bartolo Ameyalco|Colonia|�lvaro Obreg�n|Ciudad de M�xico|Ciudad de M�xico|01001|09|01001||09|010|0328|Urbano|01,7,24
Braulio Tapia Duval,01810|Villa Verd�n|Colonia|�lvaro Obreg�n|Ciudad de M�xico|Ciudad de M�xico|01001|09|01001||09|010|0330|Urbano|01,9,38
Yamina Soto Suarez,01820|Lomas Axomiatla|Colonia|�lvaro Obreg�n|Ciudad de M�xico|Ciudad de M�xico|01001|09|01001||09|010|0332|Urbano|01,2,33
Emiliano Monroy Eslava,01820|Ejido San Mateo|Colonia|�lvaro Obreg�n|Ciudad de M�xico|Ciudad de M�xico|01001|09|01001||09|010|2843|Urbano|01,6,44
Emily Lazcano Martinez,01830|Santa Rosa Xochiac|Pueblo|�lvaro Obreg�n|Ciudad de M�xico|Ciudad de M�xico|01001|09|01001||28|010|0333|Urbano|01,8,40
Amy Peña Rivera,01840|Torres de Potrero|Colonia|�lvaro Obreg�n|Ciudad de M�xico|Ciudad de M�xico|01001|09|01001||09|010|0334|Urbano|01,8,31
Braulio Monroy Franco,01849|Rinc�n de la Bolsa|Colonia|�lvaro Obreg�n|Ciudad de M�xico|Ciudad de M�xico|01001|09|01001||09|010|0337|Urbano|01,5,21
Braulio Eslava Estrada,01849|Rancho del Carmen del Pueblo San Bartolo Ameyalco|Colonia|�lvaro Obreg�n|Ciudad de M�xico|Ciudad de M�xico|01001|09|01001||09|010|2847|Urbano|01,9,25
Omar Valencia Morales,01857|Lomas de Chamontoya|Colonia|�lvaro Obreg�n|Ciudad de M�xico|Ciudad de M�xico|01001|09|01001||09|010|0341|Urbano|01,2,31
Rita Cabello Cabello,01859|Tlacoyaque|Colonia|�lvaro Obreg�n|Ciudad de M�xico|Ciudad de M�xico|01001|09|01001||09|010|0343|Urbano|01,5,18
Angel Rivera Flores,01860|Lomas de La Era|Colonia|�lvaro Obreg�n|Ciudad de M�xico|Ciudad de M�xico|01001|09|01001||09|010|0344|Urbano|01,6,32
Berenice Iglesias Suarez,01863|Lomas del Capul�n|Colonia|�lvaro Obreg�n|Ciudad de M�xico|Ciudad de M�xico|01001|09|01001||09|010|0003|Urbano|01,10,32
Pablo Ochoa Huerta,01870|Lomas de los Cedros|Colonia|�lvaro Obreg�n|Ciudad de M�xico|Ciudad de M�xico|01001|09|01001||09|010|0345|Urbano|01,11,36
Alison Sosa Escalante,01900|Jardines del Pedregal|Colonia|�lvaro Obreg�n|Ciudad de M�xico|Ciudad de M�xico|01001|09|01001||09|010|0347|Urbano|01,2,36
Andres Dayana Rangel,01904|San Jer�nimo Aculco|Colonia|�lvaro Obreg�n|Ciudad de M�xico|Ciudad de M�xico|01001|09|01001||09|010|2846|Urbano|01,9,26
Elizabeth Franco Morales,02000|Centro de Azcapotzalco|Colonia|Azcapotzalco|Ciudad de M�xico|Ciudad de M�xico|02011|09|02011||09|002|0353|Urbano|02,3,22
Isabela Parra Dayana,02010|Los Reyes|Barrio|Azcapotzalco|Ciudad de M�xico|Ciudad de M�xico|02011|09|02011||02|002|0356|Urbano|02,6,42
Susana Ballesteros Espinosa,02010|San Rafael|Colonia|Azcapotzalco|Ciudad de M�xico|Ciudad de M�xico|02011|09|02011||09|002|0357|Urbano|02,4,43
Carlos Hernandez Álvarez,02010|Nuevo Barrio San Rafael|Barrio|Azcapotzalco|Ciudad de M�xico|Ciudad de M�xico|02011|09|02011||02|002|0358|Urbano|02,8,29
Charlie Flores Álvarez,02020|San Marcos|Barrio|Azcapotzalco|Ciudad de M�xico|Ciudad de M�xico|02011|09|02011||02|002|0360|Urbano|02,5,23
Mauricio Arellano Escalante,02020|Santo Tom�s|Colonia|Azcapotzalco|Ciudad de M�xico|Ciudad de M�xico|02011|09|02011||09|002|0361|Urbano|02,2,43
Emily Estrada Hernandez,02040|Del Maestro|Colonia|Azcapotzalco|Ciudad de M�xico|Ciudad de M�xico|02011|09|02011||09|002|0362|Urbano|02,7,32
Lalo Estrada Durán,02040|San Sebasti�n|Colonia|Azcapotzalco|Ciudad de M�xico|Ciudad de M�xico|02011|09|02011||09|002|0363|Urbano|02,9,24
Susana Eslava Torres,02050|Libertad|Colonia|Azcapotzalco|Ciudad de M�xico|Ciudad de M�xico|02011|09|02011||09|002|0364|Urbano|02,2,31
Gabriela Atonal Soto,02050|Santa Mar�a Malinalco|Pueblo|Azcapotzalco|Ciudad de M�xico|Ciudad de M�xico|02011|09|02011||28|002|0365|Urbano|02,9,36
Hugo Lopez Peña,02060|Sindicato Mexicano de Electricistas|Colonia|Azcapotzalco|Ciudad de M�xico|Ciudad de M�xico|02011|09|02011||09|002|0368|Urbano|02,11,18
Simon Dayana Pardo,02060|Un Hogar Para Cada Trabajador|Colonia|Azcapotzalco|Ciudad de M�xico|Ciudad de M�xico|02011|09|02011||09|002|0369|Urbano|02,8,33
Pablo Monroy Suarez,02070|Del Recreo|Colonia|Azcapotzalco|Ciudad de M�xico|Ciudad de M�xico|02011|09|02011||09|002|0371|Urbano|02,3,24
Braulio Arellano Báez,02070|Nextengo|Barrio|Azcapotzalco|Ciudad de M�xico|Ciudad de M�xico|02011|09|02011||02|002|0372|Urbano|02,9,39
Angel De La Rosa Morales,02080|Claver�a|Colonia|Azcapotzalco|Ciudad de M�xico|Ciudad de M�xico|02011|09|02011||09|002|0374|Urbano|02,9,19
Mía Vega Iglesias,02080|Sector Naval|Colonia|Azcapotzalco|Ciudad de M�xico|Ciudad de M�xico|02011|09|02011||09|002|0376|Urbano|02,5,31
Omar Morales Gomez,02090|San �lvaro|Colonia|Azcapotzalco|Ciudad de M�xico|Ciudad de M�xico|02011|09|02011||09|002|0377|Urbano|02,6,19
Joaquín Vallejo Lopez,02099|�ngel Zimbr�n|Colonia|Azcapotzalco|Ciudad de M�xico|Ciudad de M�xico|02011|09|02011||09|002|0378|Urbano|02,11,22
Adrian Yamamoto Vargas,02100|El Rosario|Colonia|Azcapotzalco|Ciudad de M�xico|Ciudad de M�xico|02011|09|02011||09|002|0379|Urbano|02,6,40
Simon Gomez Estrada,02120|San Mart�n Xochinahuac|Pueblo|Azcapotzalco|Ciudad de M�xico|Ciudad de M�xico|02011|09|02011||28|002|0385|Urbano|02,10,21
Alondra Báez Macias,02128|Nueva El Rosario|Colonia|Azcapotzalco|Ciudad de M�xico|Ciudad de M�xico|02011|09|02011||09|002|0389|Urbano|02,3,25
Alondra Rivera Torres,02129|Nueva Espa�a|Colonia|Azcapotzalco|Ciudad de M�xico|Ciudad de M�xico|02011|09|02011||09|002|0390|Urbano|02,3,25
Emir Dayana Pascual,02130|Tierra Nueva|Colonia|Azcapotzalco|Ciudad de M�xico|Ciudad de M�xico|02011|09|02011||09|002|0391|Urbano|02,2,23
Diana Yamamoto Durán,02140|Santa In�s|Colonia|Azcapotzalco|Ciudad de M�xico|Ciudad de M�xico|02011|09|02011||09|002|0392|Urbano|02,7,30
Amy Torres Briseño,02150|Pasteros|Colonia|Azcapotzalco|Ciudad de M�xico|Ciudad de M�xico|02011|09|02011||09|002|0393|Urbano|02,4,32
Alison Sosa Durán,02160|Santo Domingo|Pueblo|Azcapotzalco|Ciudad de M�xico|Ciudad de M�xico|02011|09|02011||28|002|0394|Urbano|02,5,20
Pablo Atonal Huerta,02200|Reynosa Tamaulipas|Colonia|Azcapotzalco|Ciudad de M�xico|Ciudad de M�xico|02011|09|02011||09|002|0396|Urbano|02,3,39
Adrian Dayana Pascual,02230|Santa B�rbara|Pueblo|Azcapotzalco|Ciudad de M�xico|Ciudad de M�xico|02011|09|02011||28|002|0397|Urbano|02,8,39
Samantha Castilla Lazcano,02240|San Andr�s|Barrio|Azcapotzalco|Ciudad de M�xico|Ciudad de M�xico|02011|09|02011||02|002|0398|Urbano|02,7,40
David De La Rosa Tapia,02240|San Andr�s|Pueblo|Azcapotzalco|Ciudad de M�xico|Ciudad de M�xico|02011|09|02011||28|002|0399|Urbano|02,3,33
Emily Franco Arias,02250|Santa Catarina|Pueblo|Azcapotzalco|Ciudad de M�xico|Ciudad de M�xico|02011|09|02011||28|002|0400|Urbano|02,9,41
María Vega Morales,02300|Industrial Vallejo|Colonia|Azcapotzalco|Ciudad de M�xico|Ciudad de M�xico|02601|09|02601||09|002|0402|Urbano|02,6,30
Dayana Dayana Gomez,02310|Ferrer�a|Colonia|Azcapotzalco|Ciudad de M�xico|Ciudad de M�xico|02601|09|02601||09|002|0404|Urbano|02,8,36
Samantha Franco Arellano,02320|San Andr�s de las Salinas|Pueblo|Azcapotzalco|Ciudad de M�xico|Ciudad de M�xico|02601|09|02601||28|002|0405|Urbano|02,9,23
Hugo Vargas Martinez,02330|Huautla de las Salinas|Barrio|Azcapotzalco|Ciudad de M�xico|Ciudad de M�xico|02601|09|02601||02|002|0406|Urbano|02,8,36
Elizabeth Varela Suarez,02340|Santa Cruz de las Salinas|Colonia|Azcapotzalco|Ciudad de M�xico|Ciudad de M�xico|02601|09|02601||09|002|0407|Urbano|02,9,19
Gabriela Suarez Ávalos,02360|Las Salinas|Colonia|Azcapotzalco|Ciudad de M�xico|Ciudad de M�xico|02601|09|02601||09|002|0409|Urbano|02,11,38
David Ballesteros Sosa,02400|San Juan Tlihuaca|Pueblo|Azcapotzalco|Ciudad de M�xico|Ciudad de M�xico|02431|09|02431||28|002|0410|Urbano|02,6,33
Alondra Arias Urbina,02410|Prados del Rosario|Colonia|Azcapotzalco|Ciudad de M�xico|Ciudad de M�xico|02431|09|02431||09|002|0412|Urbano|02,11,42
Brayan Soto Calleja,02420|Ex-Hacienda El Rosario|Colonia|Azcapotzalco|Ciudad de M�xico|Ciudad de M�xico|02431|09|02431||09|002|0415|Urbano|02,11,19
Dayana Pardo Ramos,02440|Providencia|Colonia|Azcapotzalco|Ciudad de M�xico|Ciudad de M�xico|02431|09|02431||09|002|0418|Urbano|02,11,27
Isabela Garcia Escalante,02459|Tezozomoc|Colonia|Azcapotzalco|Ciudad de M�xico|Ciudad de M�xico|02431|09|02431||09|002|0421|Urbano|02,3,20
Elizabeth Espinosa Duval,02460|La Preciosa|Colonia|Azcapotzalco|Ciudad de M�xico|Ciudad de M�xico|02431|09|02431||09|002|0422|Urbano|02,9,21
Emiliano Ávalos Cabello,02470|Ampliaci�n Petrolera|Colonia|Azcapotzalco|Ciudad de M�xico|Ciudad de M�xico|02431|09|02431||09|002|0423|Urbano|02,4,38
Samantha Sosa Calderón,02480|Petrolera|Colonia|Azcapotzalco|Ciudad de M�xico|Ciudad de M�xico|02431|09|02431||09|002|0425|Urbano|02,10,44
Dana Gonzalez Ramos,02490|San Mateo|Barrio|Azcapotzalco|Ciudad de M�xico|Ciudad de M�xico|02431|09|02431||02|002|0427|Urbano|02,3,35
Pablo Vargas Arias,02500|Unidad Cuitl�huac|Colonia|Azcapotzalco|Ciudad de M�xico|Ciudad de M�xico|02011|09|02011||09|002|0428|Urbano|02,10,30
Alison Calleja Yamamoto,02519|El Jag�ey|Colonia|Azcapotzalco|Ciudad de M�xico|Ciudad de M�xico|02011|09|02011||09|002|0430|Urbano|02,8,21
Joaquín Sosa Ávalos,02520|Estaci�n Pantaco|Equipamiento|Azcapotzalco|Ciudad de M�xico|Ciudad de M�xico|02601|09|02601||17|002|0431|Urbano|02,10,39
Samantha Dayana Flores,02530|Jard�n Azpeitia|Colonia|Azcapotzalco|Ciudad de M�xico|Ciudad de M�xico|02011|09|02011||09|002|0439|Urbano|02,9,29
Elizabeth Morales Castilla,02600|Pro-Hogar|Colonia|Azcapotzalco|Ciudad de M�xico|Ciudad de M�xico|02601|09|02601||09|002|0441|Urbano|02,3,43
Emir Lopez Escalante,02630|Coltongo|Barrio|Azcapotzalco|Ciudad de M�xico|Ciudad de M�xico|02601|09|02601||02|002|0443|Urbano|02,11,24
Alison Arias Vega,02630|Coltongo|Colonia|Azcapotzalco|Ciudad de M�xico|Ciudad de M�xico|02601|09|02601||09|002|2798|Urbano|02,3,43
Carmen Torres Macias,02640|Monte Alto|Colonia|Azcapotzalco|Ciudad de M�xico|Ciudad de M�xico|02601|09|02601||09|002|0444|Urbano|02,6,25
Ramon Iglesias Valencia,02650|Trabajadores de Hierro|Colonia|Azcapotzalco|Ciudad de M�xico|Ciudad de M�xico|02601|09|02601||09|002|0445|Urbano|02,7,23
Amy Rivera Cabello,02660|Euzkadi|Colonia|Azcapotzalco|Ciudad de M�xico|Ciudad de M�xico|02601|09|02601||09|002|0446|Urbano|02,3,19
Braulio Dayana Arreola,02670|Cosmopolita|Colonia|Azcapotzalco|Ciudad de M�xico|Ciudad de M�xico|02601|09|02601||09|002|0447|Urbano|02,8,30
Brayan Valencia Pascual,02680|Potrero del Llano|Colonia|Azcapotzalco|Ciudad de M�xico|Ciudad de M�xico|02601|09|02601||09|002|0448|Urbano|02,4,38
Elizabeth Torres Franco,02700|San Miguel Amantla|Pueblo|Azcapotzalco|Ciudad de M�xico|Ciudad de M�xico|02431|09|02431||28|002|0449|Urbano|02,10,30
Dana Escalante Ramos,02710|San Pedro Xalpa|Pueblo|Azcapotzalco|Ciudad de M�xico|Ciudad de M�xico|02431|09|02431||28|002|0451|Urbano|02,7,42
Angel Castilla Macias,02719|Ampliaci�n San Pedro Xalpa|Colonia|Azcapotzalco|Ciudad de M�xico|Ciudad de M�xico|02431|09|02431||09|002|0454|Urbano|02,7,32
Alondra Domínguez De La Rosa,02720|San Antonio|Colonia|Azcapotzalco|Ciudad de M�xico|Ciudad de M�xico|02431|09|02431||09|002|0456|Urbano|02,11,42
Simon Monroy Urbina,02720|San Bartolo Cahualtongo|Pueblo|Azcapotzalco|Ciudad de M�xico|Ciudad de M�xico|02431|09|02431||28|002|0457|Urbano|02,7,18
Brayan Duval Varela,02730|San Francisco Tetecala|Pueblo|Azcapotzalco|Ciudad de M�xico|Ciudad de M�xico|02431|09|02431||28|002|0459|Urbano|02,3,21
Diana Arellano Parra,02750|Santiago Ahuizotla|Pueblo|Azcapotzalco|Ciudad de M�xico|Ciudad de M�xico|02431|09|02431||28|002|0461|Urbano|02,11,19
Gabriela Rangel Ochoa,02760|Industrial San Antonio|Colonia|Azcapotzalco|Ciudad de M�xico|Ciudad de M�xico|02431|09|02431||09|002|0462|Urbano|02,2,23
Emir Varela Pardo,02760|Santa Luc�a|Barrio|Azcapotzalco|Ciudad de M�xico|Ciudad de M�xico|02431|09|02431||02|002|0463|Urbano|02,7,34
Alondra Vargas Valencia,02770|Santa Cruz Acayucan|Pueblo|Azcapotzalco|Ciudad de M�xico|Ciudad de M�xico|02431|09|02431||28|002|0464|Urbano|02,11,27
Yamina Espinosa Garcia,02780|Plenitud|Colonia|Azcapotzalco|Ciudad de M�xico|Ciudad de M�xico|02431|09|02431||09|002|0465|Urbano|02,3,29
Alison Atonal Díaz,02790|Santa Apolonia|Barrio|Azcapotzalco|Ciudad de M�xico|Ciudad de M�xico|02431|09|02431||02|002|0466|Urbano|02,3,18
Caridad Franco Castilla,02800|Nueva Santa Mar�a|Colonia|Azcapotzalco|Ciudad de M�xico|Ciudad de M�xico|02601|09|02601||09|002|0467|Urbano|02,11,33
Dayana Yamamoto Huerta,02810|Ignacio Allende|Colonia|Azcapotzalco|Ciudad de M�xico|Ciudad de M�xico|02601|09|02601||09|002|0469|Urbano|02,3,19
Adrian Tapia Tapia,02810|Victoria de las Democracias|Colonia|Azcapotzalco|Ciudad de M�xico|Ciudad de M�xico|02601|09|02601||09|002|0470|Urbano|02,9,35
Alondra Ochoa Lazcano,02830|San Bernab�|Barrio|Azcapotzalco|Ciudad de M�xico|Ciudad de M�xico|02601|09|02601||02|002|0473|Urbano|02,6,18
Brenda Martinez Tapia,02840|Obrero Popular|Colonia|Azcapotzalco|Ciudad de M�xico|Ciudad de M�xico|02601|09|02601||09|002|0474|Urbano|02,10,24
Brayan Duval De La Rosa,02860|Tlatilco|Colonia|Azcapotzalco|Ciudad de M�xico|Ciudad de M�xico|02601|09|02601||09|002|0476|Urbano|02,8,40
Andres Eslava Álvarez,02870|San Salvador Xochimanca|Colonia|Azcapotzalco|Ciudad de M�xico|Ciudad de M�xico|02601|09|02601||09|002|0477|Urbano|02,7,19
Dana Baena Suarez,02900|Aguilera|Colonia|Azcapotzalco|Ciudad de M�xico|Ciudad de M�xico|02601|09|02601||09|002|0478|Urbano|02,7,18
Yahel Urbina Báez,02910|Aldana|Colonia|Azcapotzalco|Ciudad de M�xico|Ciudad de M�xico|02601|09|02601||09|002|0479|Urbano|02,4,28
Isabela Atonal Garcia,02920|Ampliaci�n Cosmopolita|Colonia|Azcapotzalco|Ciudad de M�xico|Ciudad de M�xico|02601|09|02601||09|002|0480|Urbano|02,7,44
Paulina Durán Díaz,02930|Liberaci�n|Colonia|Azcapotzalco|Ciudad de M�xico|Ciudad de M�xico|02601|09|02601||09|002|0481|Urbano|02,11,26
Joaquín Rivera Flores,02940|Porvenir|Colonia|Azcapotzalco|Ciudad de M�xico|Ciudad de M�xico|02601|09|02601||09|002|0482|Urbano|02,7,20
Carmen Calderón Baena,02950|Del Gas|Colonia|Azcapotzalco|Ciudad de M�xico|Ciudad de M�xico|02601|09|02601||09|002|0483|Urbano|02,5,41
Daniel Soto Urbina,02960|San Francisco Xocotitla|Pueblo|Azcapotzalco|Ciudad de M�xico|Ciudad de M�xico|02601|09|02601||28|002|0484|Urbano|02,6,27
Brenda De La Rosa Lopez,02970|Ampliaci�n Del Gas|Colonia|Azcapotzalco|Ciudad de M�xico|Ciudad de M�xico|02601|09|02601||09|002|0485|Urbano|02,9,24
Braulio Ávalos Vargas,02980|Arenal|Colonia|Azcapotzalco|Ciudad de M�xico|Ciudad de M�xico|02601|09|02601||09|002|0486|Urbano|02,3,30
Romina Parra Ramos,02980|Patrimonio Familiar|Colonia|Azcapotzalco|Ciudad de M�xico|Ciudad de M�xico|02601|09|02601||09|002|0487|Urbano|02,8,37
Romina Varela Vargas,02990|La Raza|Colonia|Azcapotzalco|Ciudad de M�xico|Ciudad de M�xico|02601|09|02601||09|002|0488|Urbano|02,2,24
Yahel Hernandez Calderón,03000|Piedad Narvarte|Colonia|Benito Ju�rez|Ciudad de M�xico|Ciudad de M�xico|03001|09|03001||09|014|0489|Urbano|03,10,44
Elizabeth Lopez Báez,03010|Atenor Salas|Colonia|Benito Ju�rez|Ciudad de M�xico|Ciudad de M�xico|03001|09|03001||09|014|0491|Urbano|03,4,44
Brayan Suarez Escalante,03020|Narvarte Poniente|Colonia|Benito Ju�rez|Ciudad de M�xico|Ciudad de M�xico|03001|09|03001||09|014|0493|Urbano|03,3,40
Dayana Lazcano Escalante,03023|Narvarte Oriente|Colonia|Benito Ju�rez|Ciudad de M�xico|Ciudad de M�xico|03001|09|03001||09|014|2623|Urbano|03,7,19
Carlos Garcia Calderón,03100|Del Valle Centro|Colonia|Benito Ju�rez|Ciudad de M�xico|Ciudad de M�xico|03001|09|03001||09|014|0496|Urbano|03,2,20
Alondra Varela Lazcano,03100|Insurgentes San Borja|Colonia|Benito Ju�rez|Ciudad de M�xico|Ciudad de M�xico|03001|09|03001||09|014|2624|Urbano|03,4,26
Berenice Castilla Vallejo,03103|Del Valle Norte|Colonia|Benito Ju�rez|Ciudad de M�xico|Ciudad de M�xico|03001|09|03001||09|014|2621|Urbano|03,7,40
Romina Rangel Martinez,03104|Del Valle Sur|Colonia|Benito Ju�rez|Ciudad de M�xico|Ciudad de M�xico|03001|09|03001||09|014|2622|Urbano|03,2,20
María Martinez Varela,03200|Tlacoquem�catl|Colonia|Benito Ju�rez|Ciudad de M�xico|Ciudad de M�xico|03001|09|03001||09|014|0501|Urbano|03,11,31
Ian Hernandez Calderón,03230|Actipan|Colonia|Benito Ju�rez|Ciudad de M�xico|Ciudad de M�xico|03001|09|03001||09|014|0505|Urbano|03,7,26
Brayan Hernandez Briseño,03240|Acacias|Colonia|Benito Ju�rez|Ciudad de M�xico|Ciudad de M�xico|03001|09|03001||09|014|0506|Urbano|03,2,18
Caridad Varela Hernandez,03300|Portales Sur|Colonia|Benito Ju�rez|Ciudad de M�xico|Ciudad de M�xico|03501|09|03501||09|014|0507|Urbano|03,7,22
Mauricio Garcia Ávalos,03303|Portales Norte|Colonia|Benito Ju�rez|Ciudad de M�xico|Ciudad de M�xico|03501|09|03501||09|014|2625|Urbano|03,4,39
Alondra Lazcano Pardo,03310|Santa Cruz Atoyac|Colonia|Benito Ju�rez|Ciudad de M�xico|Ciudad de M�xico|03501|09|03501||09|014|0509|Urbano|03,5,23
Romina Parra Flores,03320|Residencial Emperadores|Colonia|Benito Ju�rez|Ciudad de M�xico|Ciudad de M�xico|03501|09|03501||09|014|0512|Urbano|03,6,22
Elizabeth Castilla Escalante,03330|Xoco|Colonia|Benito Ju�rez|Ciudad de M�xico|Ciudad de M�xico|03501|09|03501||09|014|0513|Urbano|03,10,34
Pablo Díaz Álvarez,03340|General Pedro Mar�a Anaya|Colonia|Benito Ju�rez|Ciudad de M�xico|Ciudad de M�xico|03501|09|03501||09|014|0515|Urbano|03,2,21
Caridad Dayana Urbina,03400|�lamos|Colonia|Benito Ju�rez|Ciudad de M�xico|Ciudad de M�xico|03501|09|03501||09|014|0516|Urbano|03,8,28
Eduardo Monroy Atonal,03410|Postal|Colonia|Benito Ju�rez|Ciudad de M�xico|Ciudad de M�xico|03501|09|03501||09|014|0518|Urbano|03,9,34
David Rivera Ramos,03420|Miguel Alem�n|Colonia|Benito Ju�rez|Ciudad de M�xico|Ciudad de M�xico|03501|09|03501||09|014|0519|Urbano|03,11,33
Carlos Escalante Dayana,03430|Josefa Ortiz de Dom�nguez|Colonia|Benito Ju�rez|Ciudad de M�xico|Ciudad de M�xico|03501|09|03501||09|014|0521|Urbano|03,6,28
Mauricio Vallejo Arias,03440|Ni�os H�roes|Colonia|Benito Ju�rez|Ciudad de M�xico|Ciudad de M�xico|03501|09|03501||09|014|0522|Urbano|03,2,43
Samantha Franco Domínguez,03500|Nativitas|Colonia|Benito Ju�rez|Ciudad de M�xico|Ciudad de M�xico|03501|09|03501||09|014|0523|Urbano|03,8,24
Mía Urbina Gonzalez,03510|Moderna|Colonia|Benito Ju�rez|Ciudad de M�xico|Ciudad de M�xico|03501|09|03501||09|014|0525|Urbano|03,8,21
Johana Sosa Martinez,03520|Iztaccihuatl|Colonia|Benito Ju�rez|Ciudad de M�xico|Ciudad de M�xico|03501|09|03501||09|014|0526|Urbano|03,5,22
Susana Morales Arias,03530|Villa de Cortes|Colonia|Benito Ju�rez|Ciudad de M�xico|Ciudad de M�xico|03501|09|03501||09|014|0527|Urbano|03,8,27
Joaquín De La Rosa Arias,03540|Del Carmen|Colonia|Benito Ju�rez|Ciudad de M�xico|Ciudad de M�xico|03501|09|03501||09|014|0528|Urbano|03,5,38
Mía Lazcano Calleja,03550|Zacahuitzco|Colonia|Benito Ju�rez|Ciudad de M�xico|Ciudad de M�xico|03501|09|03501||09|014|0529|Urbano|03,11,32
Lalo Pardo Pascual,03560|Albert|Colonia|Benito Ju�rez|Ciudad de M�xico|Ciudad de M�xico|03501|09|03501||09|014|0530|Urbano|03,10,39
Lalo Pardo Torres,03570|Portales Oriente|Colonia|Benito Ju�rez|Ciudad de M�xico|Ciudad de M�xico|03501|09|03501||09|014|0531|Urbano|03,8,18
Alondra Báez Lazcano,03580|Miravalle|Colonia|Benito Ju�rez|Ciudad de M�xico|Ciudad de M�xico|03501|09|03501||09|014|0532|Urbano|03,11,41
Isabela Garcia Varela,03590|Ermita|Colonia|Benito Ju�rez|Ciudad de M�xico|Ciudad de M�xico|03501|09|03501||09|014|0533|Urbano|03,4,31
Elizabeth Báez Eslava,03600|V�rtiz Narvarte|Colonia|Benito Ju�rez|Ciudad de M�xico|Ciudad de M�xico|03501|09|03501||09|014|0534|Urbano|03,10,42
Charlie Torres Ballesteros,03610|Am�ricas Unidas|Colonia|Benito Ju�rez|Ciudad de M�xico|Ciudad de M�xico|03501|09|03501||09|014|0535|Urbano|03,9,30
Daniel Ochoa Huerta,03620|Periodista|Colonia|Benito Ju�rez|Ciudad de M�xico|Ciudad de M�xico|03501|09|03501||09|014|0536|Urbano|03,5,23
Elizabeth Urbina Soto,03630|Independencia|Colonia|Benito Ju�rez|Ciudad de M�xico|Ciudad de M�xico|03501|09|03501||09|014|0537|Urbano|03,3,23
Carmen Torres Peña,03640|Del Lago|Colonia|Benito Ju�rez|Ciudad de M�xico|Ciudad de M�xico|03501|09|03501||09|014|0538|Urbano|03,9,36
Fabiola Pardo Soto,03650|Letr�n Valle|Colonia|Benito Ju�rez|Ciudad de M�xico|Ciudad de M�xico|03501|09|03501||09|014|0539|Urbano|03,2,24
Ramon Suarez Suarez,03660|San Sim�n Ticumac|Colonia|Benito Ju�rez|Ciudad de M�xico|Ciudad de M�xico|03501|09|03501||09|014|0540|Urbano|03,8,28
David Garcia Arellano,03700|Santa Mar�a Nonoalco|Colonia|Benito Ju�rez|Ciudad de M�xico|Ciudad de M�xico|03901|09|03901||09|014|0541|Urbano|03,3,39
Dayana Lopez Varela,03710|Ciudad de los Deportes|Colonia|Benito Ju�rez|Ciudad de M�xico|Ciudad de M�xico|03901|09|03901||09|014|0542|Urbano|03,3,18
Adrian Escalante Briseño,03720|Nochebuena|Colonia|Benito Ju�rez|Ciudad de M�xico|Ciudad de M�xico|03901|09|03901||09|014|0543|Urbano|03,2,43
Yahel Tapia Ávalos,03730|San Juan|Colonia|Benito Ju�rez|Ciudad de M�xico|Ciudad de M�xico|03901|09|03901||09|014|0544|Urbano|03,2,34
Emiliano Iglesias Báez,03740|Extremadura Insurgentes|Colonia|Benito Ju�rez|Ciudad de M�xico|Ciudad de M�xico|03901|09|03901||09|014|0545|Urbano|03,8,26
Carlos Arreola Arias,03800|San Pedro de los Pinos|Colonia|Benito Ju�rez|Ciudad de M�xico|Ciudad de M�xico|03901|09|03901||09|014|0546|Urbano|03,6,29
Elizabeth Hernandez Macias,03810|N�poles|Colonia|Benito Ju�rez|Ciudad de M�xico|Ciudad de M�xico|03901|09|03901||09|014|0548|Urbano|03,2,28
Diana Díaz Baena,03820|8 de Agosto|Colonia|Benito Ju�rez|Ciudad de M�xico|Ciudad de M�xico|03901|09|03901||09|014|0552|Urbano|03,10,27
Olivia Garcia Vega,03840|Ampliaci�n N�poles|Colonia|Benito Ju�rez|Ciudad de M�xico|Ciudad de M�xico|03901|09|03901||09|014|0554|Urbano|03,6,26
Paulina Ochoa Vargas,03900|San Jos� Insurgentes|Colonia|Benito Ju�rez|Ciudad de M�xico|Ciudad de M�xico|03901|09|03901||09|014|0556|Urbano|03,3,44
Fabiola Peña Álvarez,03910|Mixcoac|Colonia|Benito Ju�rez|Ciudad de M�xico|Ciudad de M�xico|03901|09|03901||09|014|0558|Urbano|03,5,44
Brayan Arellano Gomez,03920|Insurgentes Mixcoac|Colonia|Benito Ju�rez|Ciudad de M�xico|Ciudad de M�xico|03901|09|03901||09|014|0559|Urbano|03,3,20
Diana Suarez Calderón,03930|Merced G�mez|Colonia|Benito Ju�rez|Ciudad de M�xico|Ciudad de M�xico|03901|09|03901||09|014|0561|Urbano|03,8,37
Johana Báez Soto,03940|Cr�dito Constructor|Colonia|Benito Ju�rez|Ciudad de M�xico|Ciudad de M�xico|03901|09|03901||09|014|0562|Urbano|03,5,22
Hugo Calderón Cabello,04000|Villa Coyoac�n|Colonia|Coyoac�n|Ciudad de M�xico|Ciudad de M�xico|03501|09|03501||09|003|0563|Urbano|04,10,22
Samantha Huerta Eslava,04010|Santa Catarina|Barrio|Coyoac�n|Ciudad de M�xico|Ciudad de M�xico|03501|09|03501||02|003|0566|Urbano|04,10,40
Rita Arreola Varela,04020|La Concepci�n|Barrio|Coyoac�n|Ciudad de M�xico|Ciudad de M�xico|03501|09|03501||02|003|0567|Urbano|04,8,33
David Arellano Ochoa,04030|San Lucas|Barrio|Coyoac�n|Ciudad de M�xico|Ciudad de M�xico|03501|09|03501||02|003|0569|Urbano|04,5,18
Angel Torres Álvarez,04040|Parque San Andr�s|Colonia|Coyoac�n|Ciudad de M�xico|Ciudad de M�xico|03501|09|03501||09|003|0570|Urbano|04,10,22
Diana Tapia Huerta,04100|Del Carmen|Colonia|Coyoac�n|Ciudad de M�xico|Ciudad de M�xico|03501|09|03501||09|003|0571|Urbano|04,7,31
Gabriela Garcia Cabello,04120|San Diego Churubusco|Colonia|Coyoac�n|Ciudad de M�xico|Ciudad de M�xico|03501|09|03501||09|003|0577|Urbano|04,8,42
Hugo Valencia Lopez,04120|San Mateo|Colonia|Coyoac�n|Ciudad de M�xico|Ciudad de M�xico|03501|09|03501||09|003|0578|Urbano|04,11,40
Braulio Durán Cabello,04200|Campestre Churubusco|Colonia|Coyoac�n|Ciudad de M�xico|Ciudad de M�xico|04831|09|04831||09|003|0580|Urbano|04,3,21
Brayan Arellano Estrada,04210|Churubusco Country Club|Colonia|Coyoac�n|Ciudad de M�xico|Ciudad de M�xico|04831|09|04831||09|003|0582|Urbano|04,5,38
Adrian Morales Macias,04230|Prado Churubusco|Colonia|Coyoac�n|Ciudad de M�xico|Ciudad de M�xico|04831|09|04831||09|003|0584|Urbano|04,3,36
Mauricio Escalante Espinosa,04240|Hermosillo|Colonia|Coyoac�n|Ciudad de M�xico|Ciudad de M�xico|04831|09|04831||09|003|0586|Urbano|04,7,19
Dana Garcia Domínguez,04250|Paseos de Taxque�a|Colonia|Coyoac�n|Ciudad de M�xico|Ciudad de M�xico|04831|09|04831||09|003|0587|Urbano|04,10,29
Amy Tapia Ramos,04260|San Francisco Culhuac�n Barrio de San Francisco|Barrio|Coyoac�n|Ciudad de M�xico|Ciudad de M�xico|04831|09|04831||02|003|0590|Urbano|04,10,31
Eduardo Pardo Rangel,04260|San Francisco Culhuac�n Barrio de La Magdalena|Barrio|Coyoac�n|Ciudad de M�xico|Ciudad de M�xico|04831|09|04831||02|003|2807|Urbano|04,8,32
Gabriela Baena Calleja,04260|San Francisco Culhuac�n Barrio de Santa Ana|Barrio|Coyoac�n|Ciudad de M�xico|Ciudad de M�xico|04831|09|04831||02|003|2808|Urbano|04,3,23
Dana Estrada Calderón,04260|San Francisco Culhuac�n Barrio de San Juan|Barrio|Coyoac�n|Ciudad de M�xico|Ciudad de M�xico|04831|09|04831||02|003|2831|Urbano|04,2,31
Simon Eslava Ballesteros,04300|Ajusco|Colonia|Coyoac�n|Ciudad de M�xico|Ciudad de M�xico|04831|09|04831||09|003|0596|Urbano|04,2,26
Omar Morales Garcia,04310|Romero de Terreros|Colonia|Coyoac�n|Ciudad de M�xico|Ciudad de M�xico|04831|09|04831||09|003|0601|Urbano|04,9,42
Yamina Vega Vallejo,04318|Oxtopulco Universidad|Barrio|Coyoac�n|Ciudad de M�xico|Ciudad de M�xico|04831|09|04831||02|003|0603|Urbano|04,4,27
Lalo Baena Ramos,04320|Cuadrante de San Francisco|Colonia|Coyoac�n|Ciudad de M�xico|Ciudad de M�xico|04831|09|04831||09|003|0606|Urbano|04,6,43
Adrian Lazcano Rangel,04320|Pedregal de San Francisco|Colonia|Coyoac�n|Ciudad de M�xico|Ciudad de M�xico|04831|09|04831||09|003|0608|Urbano|04,9,39
Charlie Arreola Báez,04330|El Rosedal|Colonia|Coyoac�n|Ciudad de M�xico|Ciudad de M�xico|04331|09|04331||09|003|0612|Urbano|04,10,42
Fabiola Soto Garcia,04330|Los Reyes|Pueblo|Coyoac�n|Ciudad de M�xico|Ciudad de M�xico|04331|09|04331||28|003|0613|Urbano|04,11,42
Yahel Ochoa Pardo,04330|Del Ni�o Jes�s|Barrio|Coyoac�n|Ciudad de M�xico|Ciudad de M�xico|04331|09|04331||02|003|0614|Urbano|04,5,32
Rita Espinosa Morales,04340|Copilco El Bajo|Colonia|Coyoac�n|Ciudad de M�xico|Ciudad de M�xico|04831|09|04831||09|003|0622|Urbano|04,11,34
Isabela Soto Parra,04360|Copilco El Alto|Colonia|Coyoac�n|Ciudad de M�xico|Ciudad de M�xico|04831|09|04831||09|003|0632|Urbano|04,4,32
Paola Morales Martinez,04360|Copilco Universidad|Colonia|Coyoac�n|Ciudad de M�xico|Ciudad de M�xico|04831|09|04831||09|003|0633|Urbano|04,6,44
Dana Pascual Calderón,04369|Pedregal de Santo Domingo|Colonia|Coyoac�n|Ciudad de M�xico|Ciudad de M�xico|04831|09|04831||09|003|0636|Urbano|04,3,40
Emily Duval Hernandez,04370|Atl�ntida|Colonia|Coyoac�n|Ciudad de M�xico|Ciudad de M�xico|04831|09|04831||09|003|0637|Urbano|04,8,23
Alison Iglesias Tapia,04370|Ciudad Jard�n|Colonia|Coyoac�n|Ciudad de M�xico|Ciudad de M�xico|04831|09|04831||09|003|0638|Urbano|04,7,30
Berenice Gonzalez Atonal,04380|El Rosario|Colonia|Coyoac�n|Ciudad de M�xico|Ciudad de M�xico|04831|09|04831||09|003|0640|Urbano|04,7,41
Gabriela Pardo Lopez,04380|La Candelaria|Pueblo|Coyoac�n|Ciudad de M�xico|Ciudad de M�xico|04831|09|04831||28|003|0641|Urbano|04,2,34
Johana Arreola Flores,04390|Huayamilpas|Colonia|Coyoac�n|Ciudad de M�xico|Ciudad de M�xico|04831|09|04831||09|003|0643|Urbano|04,3,31
Fausto Gomez Vega,04390|Nueva D�az Ordaz|Colonia|Coyoac�n|Ciudad de M�xico|Ciudad de M�xico|04831|09|04831||09|003|0644|Urbano|04,8,36
Brenda Hernandez Estrada,04400|Educaci�n|Colonia|Coyoac�n|Ciudad de M�xico|Ciudad de M�xico|04831|09|04831||09|003|0645|Urbano|04,4,42
Joaquín Atonal Domínguez,04410|Petrolera Taxque�a|Colonia|Coyoac�n|Ciudad de M�xico|Ciudad de M�xico|04831|09|04831||09|003|0646|Urbano|04,5,37
David Hernandez Lopez,04420|Ex-Ejido de San Francisco Culhuac�n|Colonia|Coyoac�n|Ciudad de M�xico|Ciudad de M�xico|04831|09|04831||09|003|0649|Urbano|04,2,31
Dana Lazcano Atonal,04440|Culhuac�n CTM Secci�n V|Colonia|Coyoac�n|Ciudad de M�xico|Ciudad de M�xico|04831|09|04831||09|003|0651|Urbano|04,8,23
Emir Atonal Durán,04440|Culhuac�n CTM Secci�n II|Colonia|Coyoac�n|Ciudad de M�xico|Ciudad de M�xico|04831|09|04831||09|003|2810|Urbano|04,11,21
Pablo Álvarez Valencia,04440|Culhuac�n CTM Secci�n I|Colonia|Coyoac�n|Ciudad de M�xico|Ciudad de M�xico|04831|09|04831||09|003|2811|Urbano|04,2,32
Hugo Suarez Lazcano,04450|El Centinela|Colonia|Coyoac�n|Ciudad de M�xico|Ciudad de M�xico|04831|09|04831||09|003|0652|Urbano|04,8,29
Lalo Gomez Suarez,04460|Avante|Colonia|Coyoac�n|Ciudad de M�xico|Ciudad de M�xico|04831|09|04831||09|003|0653|Urbano|04,9,39
Romina Peña Suarez,04470|Presidentes Ejidales 1a Secci�n|Colonia|Coyoac�n|Ciudad de M�xico|Ciudad de M�xico|04831|09|04831||09|003|0655|Urbano|04,6,26
Joaquín Estrada Arellano,04470|Presidentes Ejidales 2a Secci�n|Colonia|Coyoac�n|Ciudad de M�xico|Ciudad de M�xico|04831|09|04831||09|003|2805|Urbano|04,8,24
Lalo Eslava Parra,04480|Culhuac�n CTM Secci�n VI|Colonia|Coyoac�n|Ciudad de M�xico|Ciudad de M�xico|04831|09|04831||09|003|0657|Urbano|04,10,23
Simon De La Rosa Vega,04480|Culhuac�n CTM Secci�n III|Colonia|Coyoac�n|Ciudad de M�xico|Ciudad de M�xico|04831|09|04831||09|003|2809|Urbano|04,6,43
Mauricio Hernandez Sosa,04480|Culhuac�n CTM CROC|Colonia|Coyoac�n|Ciudad de M�xico|Ciudad de M�xico|04831|09|04831||09|003|2812|Urbano|04,8,27
Johana Varela Sosa,04480|Culhuac�n CTM Secci�n X-A|Colonia|Coyoac�n|Ciudad de M�xico|Ciudad de M�xico|04831|09|04831||09|003|2815|Urbano|04,7,44
Dayana Torres Castilla,04489|Culhuac�n CTM Secci�n VII|Colonia|Coyoac�n|Ciudad de M�xico|Ciudad de M�xico|04831|09|04831||09|003|0658|Urbano|04,2,36
Joaquín Suarez Ochoa,04490|Culhuac�n CTM Secci�n Piloto|Colonia|Coyoac�n|Ciudad de M�xico|Ciudad de M�xico|04831|09|04831||09|003|0659|Urbano|04,7,38
Adrian Arreola Franco,04490|Culhuac�n CTM Canal Nacional|Colonia|Coyoac�n|Ciudad de M�xico|Ciudad de M�xico|04831|09|04831||09|003|2813|Urbano|04,4,18
Adrian Baena Espinosa,04500|Jardines del Pedregal de San �ngel|Colonia|Coyoac�n|Ciudad de M�xico|Ciudad de M�xico|14391|09|14391||09|003|0660|Urbano|04,6,24
Angel Vargas Huerta,04510|Universidad Nacional Aut�noma de M�xico|Equipamiento|Coyoac�n|Ciudad de M�xico|Ciudad de M�xico|04831|09|04831||17|003|2793|Urbano|04,5,33
Angel Cabello Vallejo,04519|La Otra Banda|Colonia|Coyoac�n|Ciudad de M�xico|Ciudad de M�xico|04831|09|04831||09|003|0664|Urbano|04,2,43
Olivia Vallejo Duval,04530|Insurgentes Cuicuilco|Colonia|Coyoac�n|Ciudad de M�xico|Ciudad de M�xico|14391|09|14391||09|003|0665|Urbano|04,7,41
Yamina Álvarez Ramos,04600|Pedregal de Santa �rsula|Colonia|Coyoac�n|Ciudad de M�xico|Ciudad de M�xico|14391|09|14391||09|003|0669|Urbano|04,8,19
Fausto Flores Calderón,04610|Xotepingo|Colonia|Coyoac�n|Ciudad de M�xico|Ciudad de M�xico|04831|09|04831||09|003|0670|Urbano|04,3,34
Caridad Atonal Gomez,04620|San Pablo Tepetlapa|Pueblo|Coyoac�n|Ciudad de M�xico|Ciudad de M�xico|04831|09|04831||28|003|0671|Urbano|04,10,44
Mía Soto Báez,04630|Adolfo Ruiz Cort�nes|Colonia|Coyoac�n|Ciudad de M�xico|Ciudad de M�xico|04831|09|04831||09|003|0672|Urbano|04,8,25
Pablo De La Rosa Baena,04640|El Reloj|Colonia|Coyoac�n|Ciudad de M�xico|Ciudad de M�xico|04831|09|04831||09|003|0673|Urbano|04,3,44
Angel Calderón Parra,04650|Santa �rsula Coapa|Pueblo|Coyoac�n|Ciudad de M�xico|Ciudad de M�xico|14391|09|14391||28|003|0676|Urbano|04,11,19
Alison Dayana Valencia,04660|Joyas del Pedregal|Colonia|Coyoac�n|Ciudad de M�xico|Ciudad de M�xico|14391|09|14391||09|003|0677|Urbano|04,7,21
Omar Escalante Pardo,04700|Pedregal de Carrasco|Colonia|Coyoac�n|Ciudad de M�xico|Ciudad de M�xico|14391|09|14391||09|003|0678|Urbano|04,3,21
Emiliano Baena Vega,04710|Ol�mpica|Colonia|Coyoac�n|Ciudad de M�xico|Ciudad de M�xico|14391|09|14391||09|003|0680|Urbano|04,5,40
Omar Rivera Espinosa,04730|Cantil del Pedregal|Colonia|Coyoac�n|Ciudad de M�xico|Ciudad de M�xico|14391|09|14391||09|003|0686|Urbano|04,7,20
Adrian Iglesias Duval,04730|Bosques de Tetlameya|Colonia|Coyoac�n|Ciudad de M�xico|Ciudad de M�xico|14391|09|14391||09|003|0687|Urbano|04,5,42
Amy Lopez Rivera,04739|El Caracol|Colonia|Coyoac�n|Ciudad de M�xico|Ciudad de M�xico|14391|09|14391||09|003|0690|Urbano|04,6,22
Alison Iglesias Lopez,04800|Alianza Popular Revolucionaria|Colonia|Coyoac�n|Ciudad de M�xico|Ciudad de M�xico|04831|09|04831||09|003|0691|Urbano|04,6,44
Rita Martinez Valencia,04800|Los Cedros|Colonia|Coyoac�n|Ciudad de M�xico|Ciudad de M�xico|04831|09|04831||09|003|0692|Urbano|04,7,40
Gabriela Urbina Martinez,04810|Prados de Coyoac�n|Colonia|Coyoac�n|Ciudad de M�xico|Ciudad de M�xico|04831|09|04831||09|003|0695|Urbano|04,11,26
María Baena Torres,04815|Emiliano Zapata|Colonia|Coyoac�n|Ciudad de M�xico|Ciudad de M�xico|04831|09|04831||09|003|0696|Urbano|04,7,42
Yamina Ávalos Gonzalez,04830|Los Cipreses|Colonia|Coyoac�n|Ciudad de M�xico|Ciudad de M�xico|04831|09|04831||09|003|0697|Urbano|04,7,19
Emily Espinosa Soto,04840|Ex-Ejido de San Pablo Tepetlapa|Colonia|Coyoac�n|Ciudad de M�xico|Ciudad de M�xico|04831|09|04831||09|003|2806|Urbano|04,4,44
Brayan Vallejo Eslava,04870|Espartaco|Colonia|Coyoac�n|Ciudad de M�xico|Ciudad de M�xico|04831|09|04831||09|003|0706|Urbano|04,3,29
Charlie Garcia Vargas,04890|Jardines de Coyoac�n|Colonia|Coyoac�n|Ciudad de M�xico|Ciudad de M�xico|04831|09|04831||09|003|0708|Urbano|04,6,34
Adrian Báez Parra,04890|Los Olivos|Colonia|Coyoac�n|Ciudad de M�xico|Ciudad de M�xico|04831|09|04831||09|003|0709|Urbano|04,2,42
Emily Cabello Parra,04899|El Parque de Coyoac�n|Colonia|Coyoac�n|Ciudad de M�xico|Ciudad de M�xico|04831|09|04831||09|003|0711|Urbano|04,5,34
Isabela Hernandez Monroy,04909|Culhuac�n CTM Secci�n VIII|Colonia|Coyoac�n|Ciudad de M�xico|Ciudad de M�xico|04831|09|04831||09|003|0714|Urbano|04,5,35
Emiliano Peña Huerta,04909|Culhuac�n CTM Secci�n IX-A|Colonia|Coyoac�n|Ciudad de M�xico|Ciudad de M�xico|04831|09|04831||09|003|0715|Urbano|04,10,35
Pablo Baena Lopez,04909|Culhuac�n CTM Secci�n IX-B|Colonia|Coyoac�n|Ciudad de M�xico|Ciudad de M�xico|04831|09|04831||09|003|2814|Urbano|04,4,43
Amy Sosa Calderón,04910|Carmen Serd�n|Colonia|Coyoac�n|Ciudad de M�xico|Ciudad de M�xico|04831|09|04831||09|003|0716|Urbano|04,10,20
Mauricio Estrada Varela,04918|Cafetales|Colonia|Coyoac�n|Ciudad de M�xico|Ciudad de M�xico|04831|09|04831||09|003|0717|Urbano|04,3,43
Alondra Ramos Flores,04919|Emiliano Zapata Fraccionamiento Popular|Colonia|Coyoac�n|Ciudad de M�xico|Ciudad de M�xico|04831|09|04831||09|003|0718|Urbano|04,10,27
Dayana Calderón Valencia,04920|Los Girasoles|Colonia|Coyoac�n|Ciudad de M�xico|Ciudad de M�xico|04831|09|04831||09|003|0719|Urbano|04,8,25
David Franco Arellano,04929|Las Campanas|Colonia|Coyoac�n|Ciudad de M�xico|Ciudad de M�xico|04831|09|04831||09|003|0723|Urbano|04,10,35
Amy Pascual Ávalos,04930|Santa Cecilia|Colonia|Coyoac�n|Ciudad de M�xico|Ciudad de M�xico|04831|09|04831||09|003|0724|Urbano|04,11,41
David Sosa Rivera,04938|Campestre Coyoac�n|Colonia|Coyoac�n|Ciudad de M�xico|Ciudad de M�xico|04831|09|04831||09|003|0725|Urbano|04,8,18
Dana Flores Tapia,04939|Culhuac�n CTM Secci�n X|Colonia|Coyoac�n|Ciudad de M�xico|Ciudad de M�xico|04831|09|04831||09|003|0726|Urbano|04,3,22
Gabriela Baena Ramos,04940|Los Sauces|Colonia|Coyoac�n|Ciudad de M�xico|Ciudad de M�xico|04831|09|04831||09|003|0727|Urbano|04,10,44
Simon Tapia Rivera,04950|El Mirador|Colonia|Coyoac�n|Ciudad de M�xico|Ciudad de M�xico|04831|09|04831||09|003|0728|Urbano|04,6,25
Rita Durán Gomez,04960|Villa Quietud|Colonia|Coyoac�n|Ciudad de M�xico|Ciudad de M�xico|04831|09|04831||09|003|0729|Urbano|04,9,40
Caridad Macias Díaz,04970|Haciendas de Coyoac�n|Colonia|Coyoac�n|Ciudad de M�xico|Ciudad de M�xico|04831|09|04831||09|003|0730|Urbano|04,8,41
Carlos Duval Ramos,04980|Ex-Ejido de Santa �rsula Coapa|Colonia|Coyoac�n|Ciudad de M�xico|Ciudad de M�xico|04831|09|04831||09|003|0674|Urbano|04,11,27
Ramon Castilla Iglesias,04980|Ex-Hacienda Coapa|Colonia|Coyoac�n|Ciudad de M�xico|Ciudad de M�xico|04831|09|04831||09|003|0731|Urbano|04,6,29
Angel Estrada Martinez,04980|Viejo Ejido de Santa �rsula Coapa|Colonia|Coyoac�n|Ciudad de M�xico|Ciudad de M�xico|04831|09|04831||09|003|2792|Urbano|04,7,20
Berenice Eslava Calderón,05000|Cuajimalpa|Colonia|Cuajimalpa de Morelos|Ciudad de M�xico|Ciudad de M�xico|05501|09|05501||09|004|0732|Urbano|05,3,38
Carmen Domínguez Dayana,05010|Zentlapatl|Colonia|Cuajimalpa de Morelos|Ciudad de M�xico|Ciudad de M�xico|05501|09|05501||09|004|0735|Urbano|05,4,18
Carlos Ramos Vega,05020|Loma del Padre|Colonia|Cuajimalpa de Morelos|Ciudad de M�xico|Ciudad de M�xico|05501|09|05501||09|004|0736|Urbano|05,6,21
Berenice Castilla Atonal,05030|San Pedro|Colonia|Cuajimalpa de Morelos|Ciudad de M�xico|Ciudad de M�xico|05501|09|05501||09|004|0737|Urbano|05,11,29
Alison Dayana Castilla,05030|La Manzanita|Colonia|Cuajimalpa de Morelos|Ciudad de M�xico|Ciudad de M�xico|05501|09|05501||09|004|2867|Urbano|05,6,23
Andres Arellano Espinosa,05050|San Pablo Chimalpa|Pueblo|Cuajimalpa de Morelos|Ciudad de M�xico|Ciudad de M�xico|05501|09|05501||28|004|0740|Urbano|05,9,26
Carlos Escalante Garcia,05100|Lomas de Vista Hermosa|Colonia|Cuajimalpa de Morelos|Ciudad de M�xico|Ciudad de M�xico|05501|09|05501||09|004|0746|Urbano|05,5,40
Amy Escalante Briseño,05110|Cooperativa Palo Alto|Colonia|Cuajimalpa de Morelos|Ciudad de M�xico|Ciudad de M�xico|05501|09|05501||09|004|0748|Urbano|05,8,19
Alondra Ballesteros Vallejo,05118|Granjas Palo Alto|Colonia|Cuajimalpa de Morelos|Ciudad de M�xico|Ciudad de M�xico|05501|09|05501||09|004|0751|Urbano|05,4,23
Brenda Urbina Díaz,05119|Campestre Palo Alto|Colonia|Cuajimalpa de Morelos|Ciudad de M�xico|Ciudad de M�xico|05501|09|05501||09|004|0752|Urbano|05,4,35
Joaquín Vega Briseño,05120|Bosques de las Lomas|Colonia|Cuajimalpa de Morelos|Ciudad de M�xico|Ciudad de M�xico|05501|09|05501||09|004|0753|Urbano|05,6,25
Daniel Briseño Espinosa,05129|Lomas del Chamizal|Colonia|Cuajimalpa de Morelos|Ciudad de M�xico|Ciudad de M�xico|05501|09|05501||09|004|0758|Urbano|05,9,43
Charlie Calderón Hernandez,05200|San Jos� de los Cedros|Colonia|Cuajimalpa de Morelos|Ciudad de M�xico|Ciudad de M�xico|05501|09|05501||09|004|0766|Urbano|05,4,35
Charlie Soto Monroy,05219|Granjas Navidad|Colonia|Cuajimalpa de Morelos|Ciudad de M�xico|Ciudad de M�xico|05501|09|05501||09|004|0768|Urbano|05,10,32
Gabriela Parra Rangel,05220|Tepetongo|Colonia|Cuajimalpa de Morelos|Ciudad de M�xico|Ciudad de M�xico|05501|09|05501||09|004|0769|Urbano|05,5,36
Charlie Duval Atonal,05230|El �bano|Colonia|Cuajimalpa de Morelos|Ciudad de M�xico|Ciudad de M�xico|05501|09|05501||09|004|0770|Urbano|05,2,31
Pablo Dayana Parra,05240|El Molino|Colonia|Cuajimalpa de Morelos|Ciudad de M�xico|Ciudad de M�xico|05501|09|05501||09|004|0774|Urbano|05,8,37
María Soto Díaz,05260|Jes�s del Monte|Colonia|Cuajimalpa de Morelos|Ciudad de M�xico|Ciudad de M�xico|05501|09|05501||09|004|0777|Urbano|05,7,39
Susana Pardo Sosa,05269|Amado Nervo|Colonia|Cuajimalpa de Morelos|Ciudad de M�xico|Ciudad de M�xico|05501|09|05501||09|004|0780|Urbano|05,10,38
Mía Briseño Lazcano,05270|Manzanastitla|Colonia|Cuajimalpa de Morelos|Ciudad de M�xico|Ciudad de M�xico|05501|09|05501||09|004|0782|Urbano|05,6,34
David Briseño Suarez,05280|Adolfo L�pez Mateos|Colonia|Cuajimalpa de Morelos|Ciudad de M�xico|Ciudad de M�xico|05501|09|05501||09|004|0783|Urbano|05,4,31
Braulio Báez Pascual,05310|El Molinito|Colonia|Cuajimalpa de Morelos|Ciudad de M�xico|Ciudad de M�xico|05501|09|05501||09|004|0785|Urbano|05,3,28
Alondra Urbina Peña,05320|El Yaqui|Colonia|Cuajimalpa de Morelos|Ciudad de M�xico|Ciudad de M�xico|05501|09|05501||09|004|0786|Urbano|05,5,19
Charlie Arreola Monroy,05330|Lomas de Memetla|Colonia|Cuajimalpa de Morelos|Ciudad de M�xico|Ciudad de M�xico|05501|09|05501||09|004|0787|Urbano|05,9,21
Mía Ballesteros Franco,05330|Memetla|Colonia|Cuajimalpa de Morelos|Ciudad de M�xico|Ciudad de M�xico|05501|09|05501||09|004|0788|Urbano|05,9,31
Elizabeth Pardo Valencia,05330|Ampliaci�n Memetla|Colonia|Cuajimalpa de Morelos|Ciudad de M�xico|Ciudad de M�xico|05501|09|05501||09|004|0789|Urbano|05,6,29
Andres Báez Lazcano,05330|Ampliaci�n el Yaqui|Colonia|Cuajimalpa de Morelos|Ciudad de M�xico|Ciudad de M�xico|05501|09|05501||09|004|2869|Urbano|05,3,27
Emily Suarez Suarez,05348|Santa Fe Cuajimalpa|Colonia|Cuajimalpa de Morelos|Ciudad de M�xico|Ciudad de M�xico|05501|09|05501||09|004|0792|Urbano|05,11,19
Charlie Lazcano De La Rosa,05360|Locaxco|Colonia|Cuajimalpa de Morelos|Ciudad de M�xico|Ciudad de M�xico|05501|09|05501||09|004|0794|Urbano|05,2,42
Susana Gomez Morales,05370|Las Tinajas|Colonia|Cuajimalpa de Morelos|Ciudad de M�xico|Ciudad de M�xico|05501|09|05501||09|004|0797|Urbano|05,4,36
Samantha Cabello Durán,05379|Lomas de San Pedro|Colonia|Cuajimalpa de Morelos|Ciudad de M�xico|Ciudad de M�xico|05501|09|05501||09|004|0799|Urbano|05,9,27
Mía Macias Morales,05400|El Tianguillo|Colonia|Cuajimalpa de Morelos|Ciudad de M�xico|Ciudad de M�xico|05501|09|05501||09|004|0800|Urbano|05,8,22
Olivia Lazcano Ávalos,05410|San Lorenzo Acopilco|Pueblo|Cuajimalpa de Morelos|Ciudad de M�xico|Ciudad de M�xico|05501|09|05501||28|004|0801|Urbano|05,9,44
Dana Ballesteros Vega,05410|1� de Mayo|Colonia|Cuajimalpa de Morelos|Ciudad de M�xico|Ciudad de M�xico|05501|09|05501||09|004|2866|Urbano|05,7,25
Olivia Arellano Ochoa,05500|Contadero|Colonia|Cuajimalpa de Morelos|Ciudad de M�xico|Ciudad de M�xico|05501|09|05501||09|004|0803|Urbano|05,8,23
Alison Sosa Calderón,05520|La Venta|Colonia|Cuajimalpa de Morelos|Ciudad de M�xico|Ciudad de M�xico|05501|09|05501||09|004|0808|Urbano|05,6,36
Omar Lopez Arellano,05530|Abd�as Garc�a Soto|Colonia|Cuajimalpa de Morelos|Ciudad de M�xico|Ciudad de M�xico|05501|09|05501||09|004|0809|Urbano|05,2,33
Ramon Hernandez Franco,05600|San Mateo Tlaltenango|Pueblo|Cuajimalpa de Morelos|Ciudad de M�xico|Ciudad de M�xico|05501|09|05501||28|004|0810|Urbano|05,8,29
Pablo Baena Briseño,05610|Santa Rosa Xochiac|Pueblo|Cuajimalpa de Morelos|Ciudad de M�xico|Ciudad de M�xico|05501|09|05501||28|004|2868|Urbano|05,3,34
Emir Ochoa Vega,05700|Cruz Blanca|Colonia|Cuajimalpa de Morelos|Ciudad de M�xico|Ciudad de M�xico|05501|09|05501||09|004|0819|Urbano|05,7,19
Dayana Durán Franco,05710|Las Maromas|Colonia|Cuajimalpa de Morelos|Ciudad de M�xico|Ciudad de M�xico|05501|09|05501||09|004|0820|Urbano|05,3,34
